workload,assignment_method,k,algorithm,algorithm_label,setting,num_instances,mean_selected,min_selected,max_selected,ci95_selected,mean_fairness,min_fairness,max_fairness,ci95_fairness,mean_fraction_opt,min_fraction_opt,max_fraction_opt,ci95_fraction_opt,mean_inverse_ratio,min_inverse_ratio,max_inverse_ratio,ci95_inverse_ratio,mean_delta,min_delta,max_delta,offline_fairness_ratio,offline_approximation_ratio,online_fairness_ratio,online_approximation_ratio
SDSC-SP2-1998,containment_quantile,2,crs,CRS,online,1,1759.241,1.0,8288.0,0.0,19.404346144399053,12.54873364300848,19.404346144399053,nan,0.06904670512971467,3.92480081635857e-05,0.32528749165979826,0.0,14.482950317779087,3.074203667953668,25479.0,0.0,510209.0,510209.0,510209.0,2.0,1.9999960800454715,113.76437293498111,113.76437293498111
SDSC-SP2-1998,containment_quantile,2,offline_deterministic,Offline Deterministic,offline,1,25479.0,25479.0,25479.0,0.0,1.7932307692307692,1.7932307692307692,1.7932307692307692,0.0,1.0,1.0,1.0,0.0,1.0,1.0,1.0,0.0,510209.0,510209.0,510209.0,2.0,1.9999960800454715,113.76437293498111,113.76437293498111
SDSC-SP2-1998,containment_quantile,2,offline_greedy,Global OPT,offline,1,25479.0,25479.0,25479.0,0.0,1.7848101265822784,1.7848101265822784,1.7848101265822784,0.0,1.0,1.0,1.0,0.0,1.0,1.0,1.0,0.0,510209.0,510209.0,510209.0,2.0,1.9999960800454715,113.76437293498111,113.76437293498111
SDSC-SP2-1998,containment_quantile,2,offline_randomized,Offline Randomized,offline,1,22873.962,20248.0,25479.0,0.0,1.286868290752743,1.2822182282068608,1.286868290752743,nan,0.8977574473095491,0.7946936692962833,1.0,0.0,1.1138866104612748,1.0,1.2583465033583563,0.0,510209.0,510209.0,510209.0,2.0,1.9999960800454715,113.76437293498111,113.76437293498111
SDSC-SP2-1998,containment_quantile,2,online_randomized_fair,Online Randomized Fair Algorithm,online,1,894.365,0.0,7053.0,0.0,38.638842352623705,24.23412459699887,38.638842352623705,nan,0.03510204482122532,0.0,0.2768162015777699,0.0,28.48836884269845,nan,nan,0.0,510209.0,510209.0,510209.0,2.0,1.9999960800454715,113.76437293498111,113.76437293498111
SDSC-SP2-1998,containment_quantile,3,crs,CRS,online,1,1759.241,1.0,8288.0,0.0,19.335919380276465,10.569264189828997,19.335919380276465,nan,0.06904670512971467,3.92480081635857e-05,0.32528749165979826,0.0,14.482950317779087,3.074203667953668,25479.0,0.0,510209.0,510209.0,510209.0,3.0,2.9999882401594635,170.64655940247167,170.64655940247167
SDSC-SP2-1998,containment_quantile,3,offline_deterministic,Offline Deterministic,offline,1,22063.0,22063.0,22063.0,0.0,2.9881889763779528,2.9881889763779528,2.9881889763779528,0.0,0.8659288041131913,0.8659288041131913,0.8659288041131913,0.0,1.154829352309296,1.154829352309296,1.154829352309296,0.0,510209.0,510209.0,510209.0,3.0,2.9999882401594635,170.64655940247167,170.64655940247167
SDSC-SP2-1998,containment_quantile,3,offline_greedy,Global OPT,offline,1,25479.0,25479.0,25479.0,0.0,271.07142857142856,271.07142857142856,271.07142857142856,0.0,1.0,1.0,1.0,0.0,1.0,1.0,1.0,0.0,510209.0,510209.0,510209.0,3.0,2.9999882401594635,170.64655940247167,170.64655940247167
SDSC-SP2-1998,containment_quantile,3,offline_randomized,Offline Randomized,offline,1,22734.53,17314.0,25479.0,0.0,3.11428055605705,1.2492250290789693,3.11428055605705,nan,0.892285019035284,0.6795400133443228,1.0,0.0,1.1207181322859985,1.0,1.4715836894998267,0.0,510209.0,510209.0,510209.0,3.0,2.9999882401594635,170.64655940247167,170.64655940247167
SDSC-SP2-1998,containment_quantile,3,online_randomized_fair,Online Randomized Fair Algorithm,online,1,613.004,0.0,4379.0,0.0,58.49207184452396,29.46954813359529,58.49207184452396,nan,0.024059185996310687,0.0,0.17186702774834178,0.0,41.564165976078456,nan,nan,0.0,510209.0,510209.0,510209.0,3.0,2.9999882401594635,170.64655940247167,170.64655940247167
SDSC-SP2-1998,containment_quantile,4,crs,CRS,online,1,1759.241,1.0,8288.0,0.0,19.523324489276238,10.280875374493457,19.523324489276238,nan,0.06904670512971467,3.92480081635857e-05,0.32528749165979826,0.0,14.482950317779087,3.074203667953668,25479.0,0.0,510209.0,510209.0,510209.0,4.0,3.999976480365025,227.52874586996222,227.52874586996222
SDSC-SP2-1998,containment_quantile,4,offline_deterministic,Offline Deterministic,offline,1,22714.0,22714.0,22714.0,0.0,4.001644736842105,4.001644736842105,4.001644736842105,0.0,0.8914792574276855,0.8914792574276855,0.8914792574276855,0.0,1.121731090957119,1.121731090957119,1.121731090957119,0.0,510209.0,510209.0,510209.0,4.0,3.999976480365025,227.52874586996222,227.52874586996222
SDSC-SP2-1998,containment_quantile,4,offline_greedy,Global OPT,offline,1,25479.0,25479.0,25479.0,0.0,nan,nan,nan,nan,1.0,1.0,1.0,0.0,1.0,1.0,1.0,0.0,510209.0,510209.0,510209.0,4.0,3.999976480365025,227.52874586996222,227.52874586996222
SDSC-SP2-1998,containment_quantile,4,offline_randomized,Offline Randomized,offline,1,22206.393,14224.0,25479.0,0.0,4.016064257028113,1.2392289504757812,4.016064257028113,nan,0.8715566937477923,0.558263668118843,1.0,0.0,1.1473722904931025,1.0,1.7912682789651293,0.0,510209.0,510209.0,510209.0,4.0,3.999976480365025,227.52874586996222,227.52874586996222
SDSC-SP2-1998,containment_quantile,4,online_randomized_fair,Online Randomized Fair Algorithm,online,1,451.759,0.0,3888.0,0.0,82.36916029855392,33.96099998604151,82.36916029855392,nan,0.01773064091997331,0.0,0.1525962557400212,0.0,56.39954046294595,nan,nan,0.0,510209.0,510209.0,510209.0,4.0,3.999976480365025,227.52874586996222,227.52874586996222
SDSC-SP2-1998,containment_quantile,5,crs,CRS,online,1,1759.241,1.0,8288.0,0.0,19.705533386469906,10.50694731049663,19.705533386469906,nan,0.06904670512971467,3.92480081635857e-05,0.32528749165979826,0.0,14.482950317779087,3.074203667953668,25479.0,0.0,510209.0,510209.0,510209.0,5.0,4.999960800685204,284.4109323374528,284.4109323374528
SDSC-SP2-1998,containment_quantile,5,offline_deterministic,Offline Deterministic,offline,1,21981.0,21981.0,21981.0,0.0,4.994550408719346,4.994550408719346,4.994550408719346,0.0,0.8627104674437772,0.8627104674437772,0.8627104674437772,0.0,1.159137436877303,1.159137436877303,1.159137436877303,0.0,510209.0,510209.0,510209.0,5.0,4.999960800685204,284.4109323374528,284.4109323374528
SDSC-SP2-1998,containment_quantile,5,offline_greedy,Global OPT,offline,1,25479.0,25479.0,25479.0,0.0,nan,nan,nan,nan,1.0,1.0,1.0,0.0,1.0,1.0,1.0,0.0,510209.0,510209.0,510209.0,5.0,4.999960800685204,284.4109323374528,284.4109323374528
SDSC-SP2-1998,containment_quantile,5,offline_randomized,Offline Randomized,offline,1,22098.846,12449.0,25479.0,0.0,4.975124378109453,1.196920797893151,4.975124378109453,nan,0.8673356882138231,0.48859845362847837,1.0,0.0,1.1529561317364716,1.0,2.0466704152944013,0.0,510209.0,510209.0,510209.0,5.0,4.999960800685204,284.4109323374528,284.4109323374528
SDSC-SP2-1998,containment_quantile,5,online_randomized_fair,Online Randomized Fair Algorithm,online,1,360.6,0.0,2813.0,0.0,102.24287734895938,47.78788747816566,102.24287734895938,nan,0.014152831743789002,0.0,0.11040464696416658,0.0,70.65723793677205,nan,nan,0.0,510209.0,510209.0,510209.0,5.0,4.999960800685204,284.4109323374528,284.4109323374528
SDSC-SP2-1998,containment_quantile,6,crs,CRS,online,1,1759.241,1.0,8288.0,0.0,20.599317503199202,10.708840629399706,20.599317503199202,nan,0.06904670512971467,3.92480081635857e-05,0.32528749165979826,0.0,14.482950317779087,3.074203667953668,25479.0,0.0,510209.0,510209.0,510209.0,6.0,5.9999412011430495,341.29311880494333,341.29311880494333
SDSC-SP2-1998,containment_quantile,6,offline_deterministic,Offline Deterministic,offline,1,21841.0,21841.0,21841.0,0.0,5.9918367346938775,5.9918367346938775,5.9918367346938775,0.0,0.8572157463008753,0.8572157463008753,0.8572157463008753,0.0,1.1665674648596676,1.1665674648596676,1.1665674648596676,0.0,510209.0,510209.0,510209.0,6.0,5.9999412011430495,341.29311880494333,341.29311880494333
SDSC-SP2-1998,containment_quantile,6,offline_greedy,Global OPT,offline,1,25479.0,25479.0,25479.0,0.0,nan,nan,nan,nan,1.0,1.0,1.0,0.0,1.0,1.0,1.0,0.0,510209.0,510209.0,510209.0,6.0,5.9999412011430495,341.29311880494333,341.29311880494333
SDSC-SP2-1998,containment_quantile,6,offline_randomized,Offline Randomized,offline,1,22356.442,11424.0,25479.0,0.0,6.756756756756756,1.1884081171074088,6.756756756756756,nan,0.8774458181247302,0.448369245260803,1.0,0.0,1.1396715094468073,1.0,2.2303046218487395,0.0,510209.0,510209.0,510209.0,6.0,5.9999412011430495,341.29311880494333,341.29311880494333
SDSC-SP2-1998,containment_quantile,6,online_randomized_fair,Online Randomized Fair Algorithm,online,1,316.59,0.0,2674.0,0.0,119.61275823320945,55.54504521548299,119.61275823320945,nan,0.012425526904509597,0.0,0.10494917382942816,0.0,80.47948450677534,nan,nan,0.0,510209.0,510209.0,510209.0,6.0,5.9999412011430495,341.29311880494333,341.29311880494333
SDSC-SP2-1998,containment_quantile,7,crs,CRS,online,1,1759.241,1.0,8288.0,0.0,20.073902344460887,11.114982889716853,20.073902344460887,nan,0.06904670512971467,3.92480081635857e-05,0.32528749165979826,0.0,14.482950317779087,3.074203667953668,25479.0,0.0,510209.0,510209.0,510209.0,7.0,6.999917681761611,398.1753052724339,398.1753052724339
SDSC-SP2-1998,containment_quantile,7,offline_deterministic,Offline Deterministic,offline,1,22768.0,22768.0,22768.0,0.0,7.007518796992481,7.007518796992481,7.007518796992481,0.0,0.8935986498685192,0.8935986498685192,0.8935986498685192,0.0,1.1190706254392129,1.1190706254392129,1.1190706254392129,0.0,510209.0,510209.0,510209.0,7.0,6.999917681761611,398.1753052724339,398.1753052724339
SDSC-SP2-1998,containment_quantile,7,offline_greedy,Global OPT,offline,1,25479.0,25479.0,25479.0,0.0,nan,nan,nan,nan,1.0,1.0,1.0,0.0,1.0,1.0,1.0,0.0,510209.0,510209.0,510209.0,7.0,6.999917681761611,398.1753052724339,398.1753052724339
SDSC-SP2-1998,containment_quantile,7,offline_randomized,Offline Randomized,offline,1,22483.552,10872.0,25479.0,0.0,7.966379371750124,1.1696995893349318,7.966379371750124,nan,0.8824346324424036,0.4267043447545037,1.0,0.0,1.1332284151543315,1.0,2.343543046357616,0.0,510209.0,510209.0,510209.0,7.0,6.999917681761611,398.1753052724339,398.1753052724339
SDSC-SP2-1998,containment_quantile,7,online_randomized_fair,Online Randomized Fair Algorithm,online,1,269.69,0.0,2151.0,0.0,144.63547778174583,72.00740912248206,144.63547778174583,nan,0.010584795321637426,0.0,0.08442246555987283,0.0,94.47513812154696,nan,nan,0.0,510209.0,510209.0,510209.0,7.0,6.999917681761611,398.1753052724339,398.1753052724339
SDSC-SP2-1998,containment_quantile,8,crs,CRS,online,1,1759.241,1.0,8288.0,0.0,20.33395454448086,11.538705382615863,20.33395454448086,nan,0.06904670512971467,3.92480081635857e-05,0.32528749165979826,0.0,14.482950317779087,3.074203667953668,25479.0,0.0,510209.0,510209.0,510209.0,8.0,7.999890242563934,455.05749173992444,455.05749173992444
SDSC-SP2-1998,containment_quantile,8,offline_deterministic,Offline Deterministic,offline,1,22841.0,22841.0,22841.0,0.0,8.014134275618375,8.014134275618375,8.014134275618375,0.0,0.8964637544644609,0.8964637544644609,0.8964637544644609,0.0,1.1154940676853027,1.1154940676853027,1.1154940676853027,0.0,510209.0,510209.0,510209.0,8.0,7.999890242563934,455.05749173992444,455.05749173992444
SDSC-SP2-1998,containment_quantile,8,offline_greedy,Global OPT,offline,1,25479.0,25479.0,25479.0,0.0,nan,nan,nan,nan,1.0,1.0,1.0,0.0,1.0,1.0,1.0,0.0,510209.0,510209.0,510209.0,8.0,7.999890242563934,455.05749173992444,455.05749173992444
SDSC-SP2-1998,containment_quantile,8,offline_randomized,Offline Randomized,offline,1,22309.517,10784.0,25479.0,0.0,8.264462809917356,1.174140037923422,8.264462809917356,nan,0.8756041053416539,0.4232505200361082,1.0,0.0,1.142068651687977,1.0,2.3626669139465877,0.0,510209.0,510209.0,510209.0,8.0,7.999890242563934,455.05749173992444,455.05749173992444
SDSC-SP2-1998,containment_quantile,8,online_randomized_fair,Online Randomized Fair Algorithm,online,1,233.58,0.0,2138.0,0.0,179.49654622741764,70.60192668261459,179.49654622741764,nan,0.009167549746850348,0.0,0.08391224145374622,0.0,109.08040071923965,nan,nan,0.0,510209.0,510209.0,510209.0,8.0,7.999890242563934,455.05749173992444,455.05749173992444
SDSC-SP2-1998,containment_quantile,9,crs,CRS,online,1,1759.241,1.0,8288.0,0.0,21.185345225564603,11.940518981732236,21.185345225564603,nan,0.06904670512971467,3.92480081635857e-05,0.32528749165979826,0.0,14.482950317779087,3.074203667953668,25479.0,0.0,510209.0,510209.0,510209.0,9.0,8.999858883573069,511.93967820741494,511.93967820741494
SDSC-SP2-1998,containment_quantile,9,offline_deterministic,Offline Deterministic,offline,1,22737.0,22737.0,22737.0,0.0,9.004672897196262,9.004672897196262,9.004672897196262,0.0,0.892381961615448,0.892381961615448,0.892381961615448,0.0,1.1205963847473281,1.1205963847473281,1.1205963847473281,0.0,510209.0,510209.0,510209.0,9.0,8.999858883573069,511.93967820741494,511.93967820741494
SDSC-SP2-1998,containment_quantile,9,offline_greedy,Global OPT,offline,1,25479.0,25479.0,25479.0,0.0,nan,nan,nan,nan,1.0,1.0,1.0,0.0,1.0,1.0,1.0,0.0,510209.0,510209.0,510209.0,9.0,8.999858883573069,511.93967820741494,511.93967820741494
SDSC-SP2-1998,containment_quantile,9,offline_randomized,Offline Randomized,offline,1,22253.763,10591.0,25479.0,0.0,9.212752419740273,1.1669744064430736,9.212752419740273,nan,0.8734158718945013,0.4156756544605361,1.0,0.0,1.1449299608340398,1.0,2.4057218392975166,0.0,510209.0,510209.0,510209.0,9.0,8.999858883573069,511.93967820741494,511.93967820741494
SDSC-SP2-1998,containment_quantile,9,online_randomized_fair,Online Randomized Fair Algorithm,online,1,208.339,0.0,1752.0,0.0,204.92221372098953,98.6975986975987,204.92221372098953,nan,0.008176890772793282,0.0,0.06876251030260214,0.0,122.29587355223939,nan,nan,0.0,510209.0,510209.0,510209.0,9.0,8.999858883573069,511.93967820741494,511.93967820741494
SDSC-SP2-1998,containment_quantile,10,crs,CRS,online,1,1759.241,1.0,8288.0,0.0,22.08655492393086,12.232200670026181,22.08655492393086,nan,0.06904670512971467,3.92480081635857e-05,0.32528749165979826,0.0,14.482950317779087,3.074203667953668,25479.0,0.0,510209.0,510209.0,510209.0,10.0,9.999823604812061,568.8218646749056,568.8218646749056
SDSC-SP2-1998,containment_quantile,10,offline_deterministic,Offline Deterministic,offline,1,22131.0,22131.0,22131.0,0.0,10.017543859649123,10.017543859649123,10.017543859649123,0.0,0.8685976686683151,0.8685976686683151,0.8685976686683151,0.0,1.1512810085400569,1.1512810085400569,1.1512810085400569,0.0,510209.0,510209.0,510209.0,10.0,9.999823604812061,568.8218646749056,568.8218646749056
SDSC-SP2-1998,containment_quantile,10,offline_greedy,Global OPT,offline,1,25479.0,25479.0,25479.0,0.0,nan,nan,nan,nan,1.0,1.0,1.0,0.0,1.0,1.0,1.0,0.0,510209.0,510209.0,510209.0,10.0,9.999823604812061,568.8218646749056,568.8218646749056
SDSC-SP2-1998,containment_quantile,10,offline_randomized,Offline Randomized,offline,1,22446.001,10566.0,25479.0,0.0,10.526315789473683,1.1495455447467586,10.526315789473683,nan,0.8809608304878528,0.41469445425644647,1.0,0.0,1.1351242477446206,1.0,2.4114139693356047,0.0,510209.0,510209.0,510209.0,10.0,9.999823604812061,568.8218646749056,568.8218646749056
SDSC-SP2-1998,containment_quantile,10,online_randomized_fair,Online Randomized Fair Algorithm,online,1,186.892,0.0,1696.0,0.0,244.35915329146312,105.55083201749058,244.35915329146312,nan,0.007335138741708858,0.0,0.06656462184544135,0.0,136.33007298332728,nan,nan,0.0,510209.0,510209.0,510209.0,10.0,9.999823604812061,568.8218646749056,568.8218646749056
SDSC-SP2-1998,exponential,2,crs,CRS,online,1,1759.241,1.0,8288.0,0.0,17.4929411390266,15.925496074336566,17.4929411390266,nan,0.06904670512971467,3.92480081635857e-05,0.32528749165979826,0.0,14.482950317779087,3.074203667953668,25479.0,0.0,510209.0,510209.0,510209.0,2.0,1.9999960800454715,113.76437293498111,113.76437293498111
SDSC-SP2-1998,exponential,2,offline_deterministic,Offline Deterministic,offline,1,24847.0,24847.0,24847.0,0.0,1.2107416343228785,1.2107416343228785,1.2107416343228785,0.0,0.9751952588406139,0.9751952588406139,0.9751952588406139,0.0,1.025435666277619,1.025435666277619,1.025435666277619,0.0,510209.0,510209.0,510209.0,2.0,1.9999960800454715,113.76437293498111,113.76437293498111
SDSC-SP2-1998,exponential,2,offline_greedy,Global OPT,offline,1,25479.0,25479.0,25479.0,0.0,1.2158432529232066,1.2158432529232066,1.2158432529232066,0.0,1.0,1.0,1.0,0.0,1.0,1.0,1.0,0.0,510209.0,510209.0,510209.0,2.0,1.9999960800454715,113.76437293498111,113.76437293498111
SDSC-SP2-1998,exponential,2,offline_randomized,Offline Randomized,offline,1,24855.33,24647.0,25062.0,0.0,1.2099138719948441,1.1431979298774182,1.2099138719948441,nan,0.9755221947486165,0.9673456572078967,0.9836335805957848,0.0,1.0250920023994852,1.0166387359348814,1.0337566438106058,0.0,510209.0,510209.0,510209.0,2.0,1.9999960800454715,113.76437293498111,113.76437293498111
SDSC-SP2-1998,exponential,2,online_randomized_fair,Online Randomized Fair Algorithm,online,1,979.063,0.0,5373.0,0.0,30.059091548981435,29.10405797613074,30.059091548981435,nan,0.0384262726166647,0.0,0.21087954786294597,0.0,26.02386159011218,nan,nan,0.0,510209.0,510209.0,510209.0,2.0,1.9999960800454715,113.76437293498111,113.76437293498111
SDSC-SP2-1998,exponential,3,crs,CRS,online,1,1759.241,1.0,8288.0,0.0,19.983114629071082,16.54458350256026,19.983114629071082,nan,0.06904670512971467,3.92480081635857e-05,0.32528749165979826,0.0,14.482950317779087,3.074203667953668,25479.0,0.0,510209.0,510209.0,510209.0,3.0,2.9999882401594635,170.64655940247167,170.64655940247167
SDSC-SP2-1998,exponential,3,offline_deterministic,Offline Deterministic,offline,1,24587.0,24587.0,24587.0,0.0,1.3578588185114098,1.3578588185114098,1.3578588185114098,0.0,0.9649907767180815,0.9649907767180815,0.9649907767180815,0.0,1.0362793346077195,1.0362793346077195,1.0362793346077195,0.0,510209.0,510209.0,510209.0,3.0,2.9999882401594635,170.64655940247167,170.64655940247167
SDSC-SP2-1998,exponential,3,offline_greedy,Global OPT,offline,1,25479.0,25479.0,25479.0,0.0,1.3802297853891177,1.3802297853891177,1.3802297853891177,0.0,1.0,1.0,1.0,0.0,1.0,1.0,1.0,0.0,510209.0,510209.0,510209.0,3.0,2.9999882401594635,170.64655940247167,170.64655940247167
SDSC-SP2-1998,exponential,3,offline_randomized,Offline Randomized,offline,1,24546.42,24260.0,24886.0,0.0,1.3870825082076854,1.2015772409214611,1.3870825082076854,nan,0.9633980925468032,0.9521566780485891,0.9767259311589936,0.0,1.037992505628112,1.0238286586835972,1.050247320692498,0.0,510209.0,510209.0,510209.0,3.0,2.9999882401594635,170.64655940247167,170.64655940247167
SDSC-SP2-1998,exponential,3,online_randomized_fair,Online Randomized Fair Algorithm,online,1,686.657,0.0,4446.0,0.0,46.013874953062775,43.936651991104625,46.013874953062775,nan,0.026949919541583264,0.0,0.174496644295302,0.0,37.105862169904334,nan,nan,0.0,510209.0,510209.0,510209.0,3.0,2.9999882401594635,170.64655940247167,170.64655940247167
SDSC-SP2-1998,exponential,4,crs,CRS,online,1,1759.241,1.0,8288.0,0.0,22.09284881775275,16.92563613746605,22.09284881775275,nan,0.06904670512971467,3.92480081635857e-05,0.32528749165979826,0.0,14.482950317779087,3.074203667953668,25479.0,0.0,510209.0,510209.0,510209.0,4.0,3.999976480365025,227.52874586996222,227.52874586996222
SDSC-SP2-1998,exponential,4,offline_deterministic,Offline Deterministic,offline,1,24355.0,24355.0,24355.0,0.0,1.4980438184663536,1.4980438184663536,1.4980438184663536,0.0,0.9558852388241297,0.9558852388241297,0.9558852388241297,0.0,1.0461506877437898,1.0461506877437898,1.0461506877437898,0.0,510209.0,510209.0,510209.0,4.0,3.999976480365025,227.52874586996222,227.52874586996222
SDSC-SP2-1998,exponential,4,offline_greedy,Global OPT,offline,1,25479.0,25479.0,25479.0,0.0,1.537133681252509,1.537133681252509,1.537133681252509,0.0,1.0,1.0,1.0,0.0,1.0,1.0,1.0,0.0,510209.0,510209.0,510209.0,4.0,3.999976480365025,227.52874586996222,227.52874586996222
SDSC-SP2-1998,exponential,4,offline_randomized,Offline Randomized,offline,1,24335.652,23957.0,24810.0,0.0,1.5205232919229994,1.241275556605971,1.5205232919229994,nan,0.9551258683621806,0.9402645315750225,0.9737430825385611,0.0,1.0469824272635062,1.0269649334945588,1.0635304921317361,0.0,510209.0,510209.0,510209.0,4.0,3.999976480365025,227.52874586996222,227.52874586996222
SDSC-SP2-1998,exponential,4,online_randomized_fair,Online Randomized Fair Algorithm,online,1,530.04,0.0,4053.0,0.0,66.94806884923105,56.989343335119365,66.94806884923105,nan,0.020803014247026963,0.0,0.15907217708701282,0.0,48.06995698437854,nan,nan,0.0,510209.0,510209.0,510209.0,4.0,3.999976480365025,227.52874586996222,227.52874586996222
SDSC-SP2-1998,exponential,5,crs,CRS,online,1,1759.241,1.0,8288.0,0.0,24.20875489142556,17.124418547206556,24.20875489142556,nan,0.06904670512971467,3.92480081635857e-05,0.32528749165979826,0.0,14.482950317779087,3.074203667953668,25479.0,0.0,510209.0,510209.0,510209.0,5.0,4.999960800685204,284.4109323374528,284.4109323374528
SDSC-SP2-1998,exponential,5,offline_deterministic,Offline Deterministic,offline,1,24213.0,24213.0,24213.0,0.0,1.6583333333333334,1.6583333333333334,1.6583333333333334,0.0,0.9503120216649005,0.9503120216649005,0.9503120216649005,0.0,1.0522859620864824,1.0522859620864824,1.0522859620864824,0.0,510209.0,510209.0,510209.0,5.0,4.999960800685204,284.4109323374528,284.4109323374528
SDSC-SP2-1998,exponential,5,offline_greedy,Global OPT,offline,1,25479.0,25479.0,25479.0,0.0,1.6781447645818692,1.6781447645818692,1.6781447645818692,0.0,1.0,1.0,1.0,0.0,1.0,1.0,1.0,0.0,510209.0,510209.0,510209.0,5.0,4.999960800685204,284.4109323374528,284.4109323374528
SDSC-SP2-1998,exponential,5,offline_randomized,Offline Randomized,offline,1,24166.011,23638.0,24775.0,0.0,1.6582676935704628,1.2598721629562193,1.6582676935704628,nan,0.9484677970093017,0.9277444169708388,0.9723694022528356,0.0,1.054332053395159,1.0284157416750757,1.0778830696336408,0.0,510209.0,510209.0,510209.0,5.0,4.999960800685204,284.4109323374528,284.4109323374528
SDSC-SP2-1998,exponential,5,online_randomized_fair,Online Randomized Fair Algorithm,online,1,419.103,0.0,3844.0,0.0,80.92450036554872,73.08396224475108,80.92450036554872,nan,0.016448957965383256,0.0,0.15086934338082342,0.0,60.794124594670045,nan,nan,0.0,510209.0,510209.0,510209.0,5.0,4.999960800685204,284.4109323374528,284.4109323374528
SDSC-SP2-1998,exponential,6,crs,CRS,online,1,1759.241,1.0,8288.0,0.0,26.099429730958963,17.225613855794315,26.099429730958963,nan,0.06904670512971467,3.92480081635857e-05,0.32528749165979826,0.0,14.482950317779087,3.074203667953668,25479.0,0.0,510209.0,510209.0,510209.0,6.0,5.9999412011430495,341.29311880494333,341.29311880494333
SDSC-SP2-1998,exponential,6,offline_deterministic,Offline Deterministic,offline,1,24062.0,24062.0,24062.0,0.0,1.7615112160566706,1.7615112160566706,1.7615112160566706,0.0,0.9443855724321991,0.9443855724321991,0.9443855724321991,0.0,1.0588895353669687,1.0588895353669687,1.0588895353669687,0.0,510209.0,510209.0,510209.0,6.0,5.9999412011430495,341.29311880494333,341.29311880494333
SDSC-SP2-1998,exponential,6,offline_greedy,Global OPT,offline,1,25479.0,25479.0,25479.0,0.0,1.8150851581508516,1.8150851581508516,1.8150851581508516,0.0,1.0,1.0,1.0,0.0,1.0,1.0,1.0,0.0,510209.0,510209.0,510209.0,6.0,5.9999412011430495,341.29311880494333,341.29311880494333
SDSC-SP2-1998,exponential,6,offline_randomized,Offline Randomized,offline,1,24133.722,23706.0,24753.0,0.0,1.8161501026149152,1.2683899210825813,1.8161501026149152,nan,0.9472005180737078,0.9304132815259626,0.9715059460732368,0.0,1.0557426658018187,1.029329778208702,1.074791192103265,0.0,510209.0,510209.0,510209.0,6.0,5.9999412011430495,341.29311880494333,341.29311880494333
SDSC-SP2-1998,exponential,6,online_randomized_fair,Online Randomized Fair Algorithm,online,1,358.961,0.0,3739.0,0.0,106.04875968441253,92.50284685257276,106.04875968441253,nan,0.014088504258408886,0.0,0.14674830252364693,0.0,70.97985575034613,nan,nan,0.0,510209.0,510209.0,510209.0,6.0,5.9999412011430495,341.29311880494333,341.29311880494333
SDSC-SP2-1998,exponential,7,crs,CRS,online,1,1759.241,1.0,8288.0,0.0,26.808623588049667,17.267950771120812,26.808623588049667,nan,0.06904670512971467,3.92480081635857e-05,0.32528749165979826,0.0,14.482950317779087,3.074203667953668,25479.0,0.0,510209.0,510209.0,510209.0,7.0,6.999917681761611,398.1753052724339,398.1753052724339
SDSC-SP2-1998,exponential,7,offline_deterministic,Offline Deterministic,offline,1,24086.0,24086.0,24086.0,0.0,1.8819875776397517,1.8819875776397517,1.8819875776397517,0.0,0.9453275246281251,0.9453275246281251,0.9453275246281251,0.0,1.057834426637881,1.057834426637881,1.057834426637881,0.0,510209.0,510209.0,510209.0,7.0,6.999917681761611,398.1753052724339,398.1753052724339
SDSC-SP2-1998,exponential,7,offline_greedy,Global OPT,offline,1,25479.0,25479.0,25479.0,0.0,1.8551020408163266,1.8551020408163266,1.8551020408163266,0.0,1.0,1.0,1.0,0.0,1.0,1.0,1.0,0.0,510209.0,510209.0,510209.0,7.0,6.999917681761611,398.1753052724339,398.1753052724339
SDSC-SP2-1998,exponential,7,offline_randomized,Offline Randomized,offline,1,24121.074,23698.0,24749.0,0.0,1.8691435045721019,1.2713512099136726,1.8691435045721019,nan,0.9467041092664548,0.9300992974606539,0.9713489540405824,0.0,1.0562962494953583,1.0294961412582326,1.0751540214364081,0.0,510209.0,510209.0,510209.0,7.0,6.999917681761611,398.1753052724339,398.1753052724339
SDSC-SP2-1998,exponential,7,online_randomized_fair,Online Randomized Fair Algorithm,online,1,303.775,0.0,3652.0,0.0,119.92084432717678,104.63328378863206,119.92084432717678,nan,0.011922563679893245,0.0,0.14333372581341497,0.0,83.87457822401448,nan,nan,0.0,510209.0,510209.0,510209.0,7.0,6.999917681761611,398.1753052724339,398.1753052724339
SDSC-SP2-1998,exponential,8,crs,CRS,online,1,1759.241,1.0,8288.0,0.0,28.171091445427727,17.287663449078728,28.171091445427727,nan,0.06904670512971467,3.92480081635857e-05,0.32528749165979826,0.0,14.482950317779087,3.074203667953668,25479.0,0.0,510209.0,510209.0,510209.0,8.0,7.999890242563934,455.05749173992444,455.05749173992444
SDSC-SP2-1998,exponential,8,offline_deterministic,Offline Deterministic,offline,1,24030.0,24030.0,24030.0,0.0,1.9358108108108107,1.9358108108108107,1.9358108108108107,0.0,0.9431296361709643,0.9431296361709643,0.9431296361709643,0.0,1.0602996254681647,1.0602996254681647,1.0602996254681647,0.0,510209.0,510209.0,510209.0,8.0,7.999890242563934,455.05749173992444,455.05749173992444
SDSC-SP2-1998,exponential,8,offline_greedy,Global OPT,offline,1,25479.0,25479.0,25479.0,0.0,1.9607843137254901,1.9607843137254901,1.9607843137254901,0.0,1.0,1.0,1.0,0.0,1.0,1.0,1.0,0.0,510209.0,510209.0,510209.0,8.0,7.999890242563934,455.05749173992444,455.05749173992444
SDSC-SP2-1998,exponential,8,offline_randomized,Offline Randomized,offline,1,24112.954,23717.0,24741.0,0.0,1.9368042299804382,1.2774414631446258,1.9368042299804382,nan,0.9463854154401664,0.930845009615762,0.9710349699752737,0.0,1.0566519556251797,1.0298290287377228,1.0742927014377872,0.0,510209.0,510209.0,510209.0,8.0,7.999890242563934,455.05749173992444,455.05749173992444
SDSC-SP2-1998,exponential,8,online_randomized_fair,Online Randomized Fair Algorithm,online,1,276.927,0.0,3606.0,0.0,153.1130876747141,113.71219165344857,153.1130876747141,nan,0.010868833156717297,0.0,0.14152831743789002,0.0,92.0061965788818,nan,nan,0.0,510209.0,510209.0,510209.0,8.0,7.999890242563934,455.05749173992444,455.05749173992444
SDSC-SP2-1998,exponential,9,crs,CRS,online,1,1759.241,1.0,8288.0,0.0,29.572456855433177,17.319291820995836,29.572456855433177,nan,0.06904670512971467,3.92480081635857e-05,0.32528749165979826,0.0,14.482950317779087,3.074203667953668,25479.0,0.0,510209.0,510209.0,510209.0,9.0,8.999858883573069,511.93967820741494,511.93967820741494
SDSC-SP2-1998,exponential,9,offline_deterministic,Offline Deterministic,offline,1,24233.0,24233.0,24233.0,0.0,1.978813559322034,1.978813559322034,1.978813559322034,0.0,0.9510969818281723,0.9510969818281723,0.9510969818281723,0.0,1.0514174885486733,1.0514174885486733,1.0514174885486733,0.0,510209.0,510209.0,510209.0,9.0,8.999858883573069,511.93967820741494,511.93967820741494
SDSC-SP2-1998,exponential,9,offline_greedy,Global OPT,offline,1,25479.0,25479.0,25479.0,0.0,2.0216450216450217,2.0216450216450217,2.0216450216450217,0.0,1.0,1.0,1.0,0.0,1.0,1.0,1.0,0.0,510209.0,510209.0,510209.0,9.0,8.999858883573069,511.93967820741494,511.93967820741494
SDSC-SP2-1998,exponential,9,offline_randomized,Offline Randomized,offline,1,24226.568,23875.0,24727.0,0.0,1.9953896671288394,1.270879911781886,1.9953896671288394,nan,0.950844538639664,0.9370461949056086,0.9704854978609836,0.0,1.0516966332168882,1.0304121001334574,1.0671832460732984,0.0,510209.0,510209.0,510209.0,9.0,8.999858883573069,511.93967820741494,511.93967820741494
SDSC-SP2-1998,exponential,9,online_randomized_fair,Online Randomized Fair Algorithm,online,1,241.811,0.0,3583.0,0.0,179.9472295514512,134.8898381539331,179.9472295514512,nan,0.00949060010204482,0.0,0.14062561325012757,0.0,105.367415047289,nan,nan,0.0,510209.0,510209.0,510209.0,9.0,8.999858883573069,511.93967820741494,511.93967820741494
SDSC-SP2-1998,exponential,10,crs,CRS,online,1,1759.241,1.0,8288.0,0.0,29.269453478226385,17.34407922313329,29.269453478226385,nan,0.06904670512971467,3.92480081635857e-05,0.32528749165979826,0.0,14.482950317779087,3.074203667953668,25479.0,0.0,510209.0,510209.0,510209.0,10.0,9.999823604812061,568.8218646749056,568.8218646749056
SDSC-SP2-1998,exponential,10,offline_deterministic,Offline Deterministic,offline,1,24183.0,24183.0,24183.0,0.0,2.0847457627118646,2.0847457627118646,2.0847457627118646,0.0,0.949134581419993,0.949134581419993,0.949134581419993,0.0,1.0535913658355043,1.0535913658355043,1.0535913658355043,0.0,510209.0,510209.0,510209.0,10.0,9.999823604812061,568.8218646749056,568.8218646749056
SDSC-SP2-1998,exponential,10,offline_greedy,Global OPT,offline,1,25479.0,25479.0,25479.0,0.0,2.05,2.05,2.05,0.0,1.0,1.0,1.0,0.0,1.0,1.0,1.0,0.0,510209.0,510209.0,510209.0,10.0,9.999823604812061,568.8218646749056,568.8218646749056
SDSC-SP2-1998,exponential,10,offline_randomized,Offline Randomized,offline,1,24264.247,23763.0,24982.0,0.0,2.0242248699888092,1.2663534833523444,2.0242248699888092,nan,0.9523233643392598,0.9326504179912869,0.980493739942698,0.0,1.0500634946553256,1.0198943239132174,1.0722131044060093,0.0,510209.0,510209.0,510209.0,10.0,9.999823604812061,568.8218646749056,568.8218646749056
SDSC-SP2-1998,exponential,10,online_randomized_fair,Online Randomized Fair Algorithm,online,1,210.336,0.0,3569.0,0.0,187.11967545638944,155.86182569477688,187.11967545638944,nan,0.00825526904509596,0.0,0.14007614113583736,0.0,121.1347558192606,nan,nan,0.0,510209.0,510209.0,510209.0,10.0,9.999823604812061,568.8218646749056,568.8218646749056
SDSC-SP2-1998,length_delta,2,crs,CRS,online,1,1759.241,1.0,8288.0,0.0,18.12554761485995,11.11442451060555,18.12554761485995,nan,0.06904670512971467,3.92480081635857e-05,0.32528749165979826,0.0,14.482950317779087,3.074203667953668,25479.0,0.0,510209.0,510209.0,510209.0,2.0,1.9999960800454715,113.76437293498111,113.76437293498111
SDSC-SP2-1998,length_delta,2,offline_deterministic,Offline Deterministic,offline,1,22892.0,22892.0,22892.0,0.0,1.3216655227636696,1.3216655227636696,1.3216655227636696,0.0,0.8984654028808038,0.8984654028808038,0.8984654028808038,0.0,1.1130089114100996,1.1130089114100996,1.1130089114100996,0.0,510209.0,510209.0,510209.0,2.0,1.9999960800454715,113.76437293498111,113.76437293498111
SDSC-SP2-1998,length_delta,2,offline_greedy,Global OPT,offline,1,25479.0,25479.0,25479.0,0.0,1.8516025641025642,1.8516025641025642,1.8516025641025642,0.0,1.0,1.0,1.0,0.0,1.0,1.0,1.0,0.0,510209.0,510209.0,510209.0,2.0,1.9999960800454715,113.76437293498111,113.76437293498111
SDSC-SP2-1998,length_delta,2,offline_randomized,Offline Randomized,offline,1,22505.896,19520.0,25468.0,0.0,1.317761379577778,1.2397123355295288,1.317761379577778,nan,0.8833115899368107,0.7661211193531928,0.9995682719102006,0.0,1.1321033386095802,1.0004319145594471,1.3052766393442623,0.0,510209.0,510209.0,510209.0,2.0,1.9999960800454715,113.76437293498111,113.76437293498111
SDSC-SP2-1998,length_delta,2,online_randomized_fair,Online Randomized Fair Algorithm,online,1,879.053,0.0,8288.0,0.0,36.80627800486578,21.5023746780413,36.80627800486578,nan,0.0345010793202245,0.0,0.32528749165979826,0.0,28.984600473464056,nan,nan,0.0,510209.0,510209.0,510209.0,2.0,1.9999960800454715,113.76437293498111,113.76437293498111
SDSC-SP2-1998,length_delta,3,crs,CRS,online,1,1759.241,1.0,8288.0,0.0,20.09015242182769,10.903018341913134,20.09015242182769,nan,0.06904670512971467,3.92480081635857e-05,0.32528749165979826,0.0,14.482950317779087,3.074203667953668,25479.0,0.0,510209.0,510209.0,510209.0,3.0,2.9999882401594635,170.64655940247167,170.64655940247167
SDSC-SP2-1998,length_delta,3,offline_deterministic,Offline Deterministic,offline,1,21483.0,21483.0,21483.0,0.0,2.2295390404515523,2.2295390404515523,2.2295390404515523,0.0,0.8431649593783116,0.8431649593783116,0.8431649593783116,0.0,1.1860075408462505,1.1860075408462505,1.1860075408462505,0.0,510209.0,510209.0,510209.0,3.0,2.9999882401594635,170.64655940247167,170.64655940247167
SDSC-SP2-1998,length_delta,3,offline_greedy,Global OPT,offline,1,25479.0,25479.0,25479.0,0.0,5.208791208791209,5.208791208791209,5.208791208791209,0.0,1.0,1.0,1.0,0.0,1.0,1.0,1.0,0.0,510209.0,510209.0,510209.0,3.0,2.9999882401594635,170.64655940247167,170.64655940247167
SDSC-SP2-1998,length_delta,3,offline_randomized,Offline Randomized,offline,1,21087.82,13086.0,25460.0,0.0,2.256519627912291,1.3121907889026574,2.256519627912291,nan,0.8276549315122258,0.5135994348286824,0.9992542878448919,0.0,1.2082329989538985,1.0007462686567163,1.9470426409903714,0.0,510209.0,510209.0,510209.0,3.0,2.9999882401594635,170.64655940247167,170.64655940247167
SDSC-SP2-1998,length_delta,3,online_randomized_fair,Online Randomized Fair Algorithm,online,1,590.528,0.0,8288.0,0.0,59.66997138233298,29.601688670172237,59.66997138233298,nan,0.023177047764825934,0.0,0.32528749165979826,0.0,43.146133629565405,nan,nan,0.0,510209.0,510209.0,510209.0,3.0,2.9999882401594635,170.64655940247167,170.64655940247167
SDSC-SP2-1998,length_delta,4,crs,CRS,online,1,1759.241,1.0,8288.0,0.0,18.331647574467414,12.87111892793972,18.331647574467414,nan,0.06904670512971467,3.92480081635857e-05,0.32528749165979826,0.0,14.482950317779087,3.074203667953668,25479.0,0.0,510209.0,510209.0,510209.0,4.0,3.999976480365025,227.52874586996222,227.52874586996222
SDSC-SP2-1998,length_delta,4,offline_deterministic,Offline Deterministic,offline,1,21639.0,21639.0,21639.0,0.0,3.5877437325905293,3.5877437325905293,3.5877437325905293,0.0,0.8492876486518309,0.8492876486518309,0.8492876486518309,0.0,1.1774573686399556,1.1774573686399556,1.1774573686399556,0.0,510209.0,510209.0,510209.0,4.0,3.999976480365025,227.52874586996222,227.52874586996222
SDSC-SP2-1998,length_delta,4,offline_greedy,Global OPT,offline,1,25479.0,25479.0,25479.0,0.0,18.941176470588236,18.941176470588236,18.941176470588236,0.0,1.0,1.0,1.0,0.0,1.0,1.0,1.0,0.0,510209.0,510209.0,510209.0,4.0,3.999976480365025,227.52874586996222,227.52874586996222
SDSC-SP2-1998,length_delta,4,offline_randomized,Offline Randomized,offline,1,20196.881,9569.0,25477.0,0.0,3.5088388413203915,1.3484636569434632,3.5088388413203915,nan,0.7926873503669689,0.37556419011735154,0.9999215039836729,0.0,1.2615314216091087,1.0000785021784355,2.6626606750966664,0.0,510209.0,510209.0,510209.0,4.0,3.999976480365025,227.52874586996222,227.52874586996222
SDSC-SP2-1998,length_delta,4,online_randomized_fair,Online Randomized Fair Algorithm,online,1,425.427,0.0,8288.0,0.0,80.57098877703793,35.94251430166039,80.57098877703793,nan,0.016697162369009772,0.0,0.32528749165979826,0.0,59.890415982060375,nan,nan,0.0,510209.0,510209.0,510209.0,4.0,3.999976480365025,227.52874586996222,227.52874586996222
SDSC-SP2-1998,length_delta,5,crs,CRS,online,1,1759.241,1.0,8288.0,0.0,18.959757063361778,12.000290664479763,18.959757063361778,nan,0.06904670512971467,3.92480081635857e-05,0.32528749165979826,0.0,14.482950317779087,3.074203667953668,25479.0,0.0,510209.0,510209.0,510209.0,5.0,4.999960800685204,284.4109323374528,284.4109323374528
SDSC-SP2-1998,length_delta,5,offline_deterministic,Offline Deterministic,offline,1,20699.0,20699.0,20699.0,0.0,4.86060606060606,4.86060606060606,4.86060606060606,0.0,0.8123945209780603,0.8123945209780603,0.8123945209780603,0.0,1.2309290303879414,1.2309290303879414,1.2309290303879414,0.0,510209.0,510209.0,510209.0,5.0,4.999960800685204,284.4109323374528,284.4109323374528
SDSC-SP2-1998,length_delta,5,offline_greedy,Global OPT,offline,1,25479.0,25479.0,25479.0,0.0,160.4,160.4,160.4,0.0,1.0,1.0,1.0,0.0,1.0,1.0,1.0,0.0,510209.0,510209.0,510209.0,5.0,4.999960800685204,284.4109323374528,284.4109323374528
SDSC-SP2-1998,length_delta,5,offline_randomized,Offline Randomized,offline,1,19708.629,8089.0,25479.0,0.0,4.87890936300424,1.3944917152919307,4.87890936300424,nan,0.7735244318850818,0.3174771380352447,1.0,0.0,1.2927839881708667,1.0,3.149833106688095,0.0,510209.0,510209.0,510209.0,5.0,4.999960800685204,284.4109323374528,284.4109323374528
SDSC-SP2-1998,length_delta,5,online_randomized_fair,Online Randomized Fair Algorithm,online,1,327.775,0.0,8288.0,0.0,110.0382927170783,48.89672188931971,110.0382927170783,nan,0.012864515875819302,0.0,0.32528749165979826,0.0,77.73320112882313,nan,nan,0.0,510209.0,510209.0,510209.0,5.0,4.999960800685204,284.4109323374528,284.4109323374528
SDSC-SP2-1998,length_delta,6,crs,CRS,online,1,1759.241,1.0,8288.0,0.0,24.53762299432491,12.272006138595382,24.53762299432491,nan,0.06904670512971467,3.92480081635857e-05,0.32528749165979826,0.0,14.482950317779087,3.074203667953668,25479.0,0.0,510209.0,510209.0,510209.0,6.0,5.9999412011430495,341.29311880494333,341.29311880494333
SDSC-SP2-1998,length_delta,6,offline_deterministic,Offline Deterministic,offline,1,20190.0,20190.0,20190.0,0.0,6.01,6.01,6.01,0.0,0.7924172848227953,0.7924172848227953,0.7924172848227953,0.0,1.261961367013373,1.261961367013373,1.261961367013373,0.0,510209.0,510209.0,510209.0,6.0,5.9999412011430495,341.29311880494333,341.29311880494333
SDSC-SP2-1998,length_delta,6,offline_greedy,Global OPT,offline,1,25479.0,25479.0,25479.0,0.0,nan,nan,nan,nan,1.0,1.0,1.0,0.0,1.0,1.0,1.0,0.0,510209.0,510209.0,510209.0,6.0,5.9999412011430495,341.29311880494333,341.29311880494333
SDSC-SP2-1998,length_delta,6,offline_randomized,Offline Randomized,offline,1,20301.84,9084.0,25479.0,0.0,6.756756756756757,1.3187867162210767,6.756756756756757,nan,0.7968067820558107,0.35652890615801247,1.0,0.0,1.2550093981629251,1.0,2.8048216644649933,0.0,510209.0,510209.0,510209.0,6.0,5.9999412011430495,341.29311880494333,341.29311880494333
SDSC-SP2-1998,length_delta,6,online_randomized_fair,Online Randomized Fair Algorithm,online,1,264.53,0.0,8288.0,0.0,145.79691720959795,65.14917978641418,145.79691720959795,nan,0.010382275599513324,0.0,0.32528749165979826,0.0,96.31799795864364,nan,nan,0.0,510209.0,510209.0,510209.0,6.0,5.9999412011430495,341.29311880494333,341.29311880494333
SDSC-SP2-1998,length_delta,7,crs,CRS,online,1,1759.241,1.0,8288.0,0.0,20.252118206240958,11.862716582872814,20.252118206240958,nan,0.06904670512971467,3.92480081635857e-05,0.32528749165979826,0.0,14.482950317779087,3.074203667953668,25479.0,0.0,510209.0,510209.0,510209.0,7.0,6.999917681761611,398.1753052724339,398.1753052724339
SDSC-SP2-1998,length_delta,7,offline_deterministic,Offline Deterministic,offline,1,22723.0,22723.0,22723.0,0.0,5.0,5.0,5.0,0.0,0.8918324895011578,0.8918324895011578,0.8918324895011578,0.0,1.1212868019187607,1.1212868019187607,1.1212868019187607,0.0,510209.0,510209.0,510209.0,7.0,6.999917681761611,398.1753052724339,398.1753052724339
SDSC-SP2-1998,length_delta,7,offline_greedy,Global OPT,offline,1,25479.0,25479.0,25479.0,0.0,nan,nan,nan,nan,1.0,1.0,1.0,0.0,1.0,1.0,1.0,0.0,510209.0,510209.0,510209.0,7.0,6.999917681761611,398.1753052724339,398.1753052724339
SDSC-SP2-1998,length_delta,7,offline_randomized,Offline Randomized,offline,1,22419.27,10955.0,25479.0,0.0,7.633587786259541,1.2258435315758434,7.633587786259541,nan,0.8799116919816319,0.42996192943208134,1.0,0.0,1.1364776819227387,1.0,2.325787311729804,0.0,510209.0,510209.0,510209.0,7.0,6.999917681761611,398.1753052724339,398.1753052724339
SDSC-SP2-1998,length_delta,7,online_randomized_fair,Online Randomized Fair Algorithm,online,1,245.412,0.0,5615.0,0.0,146.20564318833152,74.73821989528795,146.20564318833152,nan,0.009631932179441893,0.0,0.22037756583853368,0.0,103.82132903036526,nan,nan,0.0,510209.0,510209.0,510209.0,7.0,6.999917681761611,398.1753052724339,398.1753052724339
SDSC-SP2-1998,length_delta,8,crs,CRS,online,1,1759.241,1.0,8288.0,0.0,19.645070643730126,12.924330453455353,19.645070643730126,nan,0.06904670512971467,3.92480081635857e-05,0.32528749165979826,0.0,14.482950317779087,3.074203667953668,25479.0,0.0,510209.0,510209.0,510209.0,8.0,7.999890242563934,455.05749173992444,455.05749173992444
SDSC-SP2-1998,length_delta,8,offline_deterministic,Offline Deterministic,offline,1,22789.0,22789.0,22789.0,0.0,8.0,8.0,8.0,0.0,0.8944228580399545,0.8944228580399545,0.8944228580399545,0.0,1.118039404976085,1.118039404976085,1.118039404976085,0.0,510209.0,510209.0,510209.0,8.0,7.999890242563934,455.05749173992444,455.05749173992444
SDSC-SP2-1998,length_delta,8,offline_greedy,Global OPT,offline,1,25479.0,25479.0,25479.0,0.0,nan,nan,nan,nan,1.0,1.0,1.0,0.0,1.0,1.0,1.0,0.0,510209.0,510209.0,510209.0,8.0,7.999890242563934,455.05749173992444,455.05749173992444
SDSC-SP2-1998,length_delta,8,offline_randomized,Offline Randomized,offline,1,22001.617,9569.0,25479.0,0.0,7.8125,1.1927998265018436,7.8125,nan,0.8635196436280859,0.37556419011735154,1.0,0.0,1.1580512468697188,1.0,2.6626606750966664,0.0,510209.0,510209.0,510209.0,8.0,7.999890242563934,455.05749173992444,455.05749173992444
SDSC-SP2-1998,length_delta,8,online_randomized_fair,Online Randomized Fair Algorithm,online,1,193.067,0.0,8288.0,0.0,229.24543934441047,72.05191317968224,229.24543934441047,nan,0.007577495192119,0.0,0.32528749165979826,0.0,131.9697307152439,nan,nan,0.0,510209.0,510209.0,510209.0,8.0,7.999890242563934,455.05749173992444,455.05749173992444
SDSC-SP2-1998,length_delta,9,crs,CRS,online,1,1759.241,1.0,8288.0,0.0,20.97902097902098,14.2877351817796,20.97902097902098,nan,0.06904670512971467,3.92480081635857e-05,0.32528749165979826,0.0,14.482950317779087,3.074203667953668,25479.0,0.0,510209.0,510209.0,510209.0,9.0,8.999858883573069,511.93967820741494,511.93967820741494
SDSC-SP2-1998,length_delta,9,offline_deterministic,Offline Deterministic,offline,1,22147.0,22147.0,22147.0,0.0,7.266187050359712,7.266187050359712,7.266187050359712,0.0,0.8692256367989325,0.8692256367989325,0.8692256367989325,0.0,1.1504492707815956,1.1504492707815956,1.1504492707815956,0.0,510209.0,510209.0,510209.0,9.0,8.999858883573069,511.93967820741494,511.93967820741494
SDSC-SP2-1998,length_delta,9,offline_greedy,Global OPT,offline,1,25479.0,25479.0,25479.0,0.0,nan,nan,nan,nan,1.0,1.0,1.0,0.0,1.0,1.0,1.0,0.0,510209.0,510209.0,510209.0,9.0,8.999858883573069,511.93967820741494,511.93967820741494
SDSC-SP2-1998,length_delta,9,offline_randomized,Offline Randomized,offline,1,21675.505,8744.0,25479.0,0.0,8.620689655172415,1.2283959434366518,8.620689655172415,nan,0.8507203971898426,0.3431845833823933,1.0,0.0,1.175474343042988,1.0,2.9138838060384264,0.0,510209.0,510209.0,510209.0,9.0,8.999858883573069,511.93967820741494,511.93967820741494
SDSC-SP2-1998,length_delta,9,online_randomized_fair,Online Randomized Fair Algorithm,online,1,207.565,0.0,8288.0,0.0,247.5879240585123,89.04765706074879,247.5879240585123,nan,0.008146512814474665,0.0,0.32528749165979826,0.0,122.75190904054152,nan,nan,0.0,510209.0,510209.0,510209.0,9.0,8.999858883573069,511.93967820741494,511.93967820741494
SDSC-SP2-1998,length_delta,10,crs,CRS,online,1,1759.241,1.0,8288.0,0.0,22.42152466367713,15.524732524658107,22.42152466367713,nan,0.06904670512971467,3.92480081635857e-05,0.32528749165979826,0.0,14.482950317779087,3.074203667953668,25479.0,0.0,510209.0,510209.0,510209.0,10.0,9.999823604812061,568.8218646749056,568.8218646749056
SDSC-SP2-1998,length_delta,10,offline_deterministic,Offline Deterministic,offline,1,21290.0,21290.0,21290.0,0.0,9.78048780487805,9.78048780487805,9.78048780487805,0.0,0.8355900938027395,0.8355900938027395,0.8355900938027395,0.0,1.1967590418036638,1.1967590418036638,1.1967590418036638,0.0,510209.0,510209.0,510209.0,10.0,9.999823604812061,568.8218646749056,568.8218646749056
SDSC-SP2-1998,length_delta,10,offline_greedy,Global OPT,offline,1,25479.0,25479.0,25479.0,0.0,nan,nan,nan,nan,1.0,1.0,1.0,0.0,1.0,1.0,1.0,0.0,510209.0,510209.0,510209.0,10.0,9.999823604812061,568.8218646749056,568.8218646749056
SDSC-SP2-1998,length_delta,10,offline_randomized,Offline Randomized,offline,1,21418.389,8089.0,25479.0,0.0,10.526315789473685,1.2470636002436124,10.526315789473685,nan,0.8406291063228541,0.3174771380352447,1.0,0.0,1.1895852671272336,1.0,3.149833106688095,0.0,510209.0,510209.0,510209.0,10.0,9.999823604812061,568.8218646749056,568.8218646749056
SDSC-SP2-1998,length_delta,10,online_randomized_fair,Online Randomized Fair Algorithm,online,1,184.887,0.0,6728.0,0.0,277.77777777777777,97.32002101944298,277.77777777777777,nan,0.007256446485340869,0.0,0.2640605989246046,0.0,137.80849924548508,nan,nan,0.0,510209.0,510209.0,510209.0,10.0,9.999823604812061,568.8218646749056,568.8218646749056
SDSC-SP2-1998,length_quantile,2,crs,CRS,online,1,1759.241,1.0,8288.0,0.0,18.656553966048318,11.534367848120926,18.656553966048318,nan,0.06904670512971467,3.92480081635857e-05,0.32528749165979826,0.0,14.482950317779087,3.074203667953668,25479.0,0.0,510209.0,510209.0,510209.0,2.0,1.9999960800454715,113.76437293498111,113.76437293498111
SDSC-SP2-1998,length_quantile,2,offline_deterministic,Offline Deterministic,offline,1,23654.0,23654.0,23654.0,0.0,1.2131646380525305,1.2131646380525305,1.2131646380525305,0.0,0.9283723851014561,0.9283723851014561,0.9283723851014561,0.0,1.077153969730278,1.077153969730278,1.077153969730278,0.0,510209.0,510209.0,510209.0,2.0,1.9999960800454715,113.76437293498111,113.76437293498111
SDSC-SP2-1998,length_quantile,2,offline_greedy,Global OPT,offline,1,25479.0,25479.0,25479.0,0.0,1.497923670160174,1.497923670160174,1.497923670160174,0.0,1.0,1.0,1.0,0.0,1.0,1.0,1.0,0.0,510209.0,510209.0,510209.0,2.0,1.9999960800454715,113.76437293498111,113.76437293498111
SDSC-SP2-1998,length_quantile,2,offline_randomized,Offline Randomized,offline,1,23256.378,21028.0,25467.0,0.0,1.2156672303938956,1.2081480005676282,1.2156672303938956,nan,0.9127665135994348,0.82530711566388,0.999529023902037,0.0,1.0955704280348384,1.0004711980209684,1.211670154080274,0.0,510209.0,510209.0,510209.0,2.0,1.9999960800454715,113.76437293498111,113.76437293498111
SDSC-SP2-1998,length_quantile,2,online_randomized_fair,Online Randomized Fair Algorithm,online,1,858.917,0.0,8288.0,0.0,38.661571687151216,23.172932790847074,38.661571687151216,nan,0.033710781427842534,0.0,0.32528749165979826,0.0,29.66410025648578,nan,nan,0.0,510209.0,510209.0,510209.0,2.0,1.9999960800454715,113.76437293498111,113.76437293498111
SDSC-SP2-1998,length_quantile,3,crs,CRS,online,1,1759.241,1.0,8288.0,0.0,19.405447864662687,10.34203975121471,19.405447864662687,nan,0.06904670512971467,3.92480081635857e-05,0.32528749165979826,0.0,14.482950317779087,3.074203667953668,25479.0,0.0,510209.0,510209.0,510209.0,3.0,2.9999882401594635,170.64655940247167,170.64655940247167
SDSC-SP2-1998,length_quantile,3,offline_deterministic,Offline Deterministic,offline,1,22447.0,22447.0,22447.0,0.0,1.7820689655172415,1.7820689655172415,1.7820689655172415,0.0,0.8810000392480082,0.8810000392480082,0.8810000392480082,0.0,1.1350737292288502,1.1350737292288502,1.1350737292288502,0.0,510209.0,510209.0,510209.0,3.0,2.9999882401594635,170.64655940247167,170.64655940247167
SDSC-SP2-1998,length_quantile,3,offline_greedy,Global OPT,offline,1,25479.0,25479.0,25479.0,0.0,2.7547974413646057,2.7547974413646057,2.7547974413646057,0.0,1.0,1.0,1.0,0.0,1.0,1.0,1.0,0.0,510209.0,510209.0,510209.0,3.0,2.9999882401594635,170.64655940247167,170.64655940247167
SDSC-SP2-1998,length_quantile,3,offline_randomized,Offline Randomized,offline,1,22184.64,16242.0,25449.0,0.0,1.7857307398158984,1.279047646349059,1.7857307398158984,nan,0.8707029318262098,0.6374661485929589,0.9988225597550924,0.0,1.1484973386992081,1.0011788282447247,1.568710749907647,0.0,510209.0,510209.0,510209.0,3.0,2.9999882401594635,170.64655940247167,170.64655940247167
SDSC-SP2-1998,length_quantile,3,online_randomized_fair,Online Randomized Fair Algorithm,online,1,567.399,0.0,8288.0,0.0,60.04306266923303,30.90293003787124,60.04306266923303,nan,0.02226928058401036,0.0,0.32528749165979826,0.0,44.90490818630276,nan,nan,0.0,510209.0,510209.0,510209.0,3.0,2.9999882401594635,170.64655940247167,170.64655940247167
SDSC-SP2-1998,length_quantile,4,crs,CRS,online,1,1759.241,1.0,8288.0,0.0,20.84415158360438,10.678861637480532,20.84415158360438,nan,0.06904670512971467,3.92480081635857e-05,0.32528749165979826,0.0,14.482950317779087,3.074203667953668,25479.0,0.0,510209.0,510209.0,510209.0,4.0,3.999976480365025,227.52874586996222,227.52874586996222
SDSC-SP2-1998,length_quantile,4,offline_deterministic,Offline Deterministic,offline,1,22848.0,22848.0,22848.0,0.0,2.5268817204301075,2.5268817204301075,2.5268817204301075,0.0,0.896738490521606,0.896738490521606,0.896738490521606,0.0,1.1151523109243697,1.1151523109243697,1.1151523109243697,0.0,510209.0,510209.0,510209.0,4.0,3.999976480365025,227.52874586996222,227.52874586996222
SDSC-SP2-1998,length_quantile,4,offline_greedy,Global OPT,offline,1,25479.0,25479.0,25479.0,0.0,4.567137809187279,4.567137809187279,4.567137809187279,0.0,1.0,1.0,1.0,0.0,1.0,1.0,1.0,0.0,510209.0,510209.0,510209.0,4.0,3.999976480365025,227.52874586996222,227.52874586996222
SDSC-SP2-1998,length_quantile,4,offline_randomized,Offline Randomized,offline,1,21864.517,13725.0,25469.0,0.0,2.453581279507044,1.2921187842857718,2.453581279507044,nan,0.8581387417088583,0.5386789120452137,0.9996075199183642,0.0,1.1653127302103221,1.000392634182732,1.856393442622951,0.0,510209.0,510209.0,510209.0,4.0,3.999976480365025,227.52874586996222,227.52874586996222
SDSC-SP2-1998,length_quantile,4,online_randomized_fair,Online Randomized Fair Algorithm,online,1,429.485,0.0,8288.0,0.0,91.6207285821406,35.167197235599815,91.6207285821406,nan,0.016856430786137605,0.0,0.32528749165979826,0.0,59.324539855873894,nan,nan,0.0,510209.0,510209.0,510209.0,4.0,3.999976480365025,227.52874586996222,227.52874586996222
SDSC-SP2-1998,length_quantile,5,crs,CRS,online,1,1759.241,1.0,8288.0,0.0,20.55324532781634,11.670288677082086,20.55324532781634,nan,0.06904670512971467,3.92480081635857e-05,0.32528749165979826,0.0,14.482950317779087,3.074203667953668,25479.0,0.0,510209.0,510209.0,510209.0,5.0,4.999960800685204,284.4109323374528,284.4109323374528
SDSC-SP2-1998,length_quantile,5,offline_deterministic,Offline Deterministic,offline,1,22023.0,22023.0,22023.0,0.0,3.3376835236541598,3.3376835236541598,3.3376835236541598,0.0,0.8643588837866478,0.8643588837866478,0.8643588837866478,0.0,1.1569268492031057,1.1569268492031057,1.1569268492031057,0.0,510209.0,510209.0,510209.0,5.0,4.999960800685204,284.4109323374528,284.4109323374528
SDSC-SP2-1998,length_quantile,5,offline_greedy,Global OPT,offline,1,25479.0,25479.0,25479.0,0.0,7.204225352112676,7.204225352112676,7.204225352112676,0.0,1.0,1.0,1.0,0.0,1.0,1.0,1.0,0.0,510209.0,510209.0,510209.0,5.0,4.999960800685204,284.4109323374528,284.4109323374528
SDSC-SP2-1998,length_quantile,5,offline_randomized,Offline Randomized,offline,1,21640.247,11707.0,25473.0,0.0,3.2586052023010916,1.2946003263185406,3.2586052023010916,nan,0.849336590918011,0.45947643157109774,0.9997645119510185,0.0,1.177389518705586,1.0002355435166648,2.176390193901085,0.0,510209.0,510209.0,510209.0,5.0,4.999960800685204,284.4109323374528,284.4109323374528
SDSC-SP2-1998,length_quantile,5,online_randomized_fair,Online Randomized Fair Algorithm,online,1,294.197,0.0,6110.0,0.0,138.43138732898655,56.635110446769644,138.43138732898655,nan,0.01154664625770242,0.0,0.23980532987950862,0.0,86.60523390789164,nan,nan,0.0,510209.0,510209.0,510209.0,5.0,4.999960800685204,284.4109323374528,284.4109323374528
SDSC-SP2-1998,length_quantile,6,crs,CRS,online,1,1759.241,1.0,8288.0,0.0,20.207491907709382,11.926084173122433,20.207491907709382,nan,0.06904670512971467,3.92480081635857e-05,0.32528749165979826,0.0,14.482950317779087,3.074203667953668,25479.0,0.0,510209.0,510209.0,510209.0,6.0,5.9999412011430495,341.29311880494333,341.29311880494333
SDSC-SP2-1998,length_quantile,6,offline_deterministic,Offline Deterministic,offline,1,23049.0,23049.0,23049.0,0.0,4.240409207161125,4.240409207161125,4.240409207161125,0.0,0.9046273401624868,0.9046273401624868,0.9046273401624868,0.0,1.1054275673565013,1.1054275673565013,1.1054275673565013,0.0,510209.0,510209.0,510209.0,6.0,5.9999412011430495,341.29311880494333,341.29311880494333
SDSC-SP2-1998,length_quantile,6,offline_greedy,Global OPT,offline,1,25479.0,25479.0,25479.0,0.0,10.49367088607595,10.49367088607595,10.49367088607595,0.0,1.0,1.0,1.0,0.0,1.0,1.0,1.0,0.0,510209.0,510209.0,510209.0,6.0,5.9999412011430495,341.29311880494333,341.29311880494333
SDSC-SP2-1998,length_quantile,6,offline_randomized,Offline Randomized,offline,1,21859.94,10645.0,25470.0,0.0,4.44313431235931,1.2744707596884062,4.44313431235931,nan,0.8579591035754935,0.41779504690136976,0.9996467679265277,0.0,1.165556721564652,1.0003533568904595,2.3935180836073275,0.0,510209.0,510209.0,510209.0,6.0,5.9999412011430495,341.29311880494333,341.29311880494333
SDSC-SP2-1998,length_quantile,6,online_randomized_fair,Online Randomized Fair Algorithm,online,1,274.121,0.0,4751.0,0.0,143.6639234128317,65.38886259662407,143.6639234128317,nan,0.010758703245810275,0.0,0.18646728678519564,0.0,92.94800471324707,nan,nan,0.0,510209.0,510209.0,510209.0,6.0,5.9999412011430495,341.29311880494333,341.29311880494333
SDSC-SP2-1998,length_quantile,7,crs,CRS,online,1,1759.241,1.0,8288.0,0.0,21.134339066143205,12.781546811397558,21.134339066143205,nan,0.06904670512971467,3.92480081635857e-05,0.32528749165979826,0.0,14.482950317779087,3.074203667953668,25479.0,0.0,510209.0,510209.0,510209.0,7.0,6.999917681761611,398.1753052724339,398.1753052724339
SDSC-SP2-1998,length_quantile,7,offline_deterministic,Offline Deterministic,offline,1,22818.0,22818.0,22818.0,0.0,5.31203007518797,5.31203007518797,5.31203007518797,0.0,0.8955610502766984,0.8955610502766984,0.8955610502766984,0.0,1.116618459111228,1.116618459111228,1.116618459111228,0.0,510209.0,510209.0,510209.0,7.0,6.999917681761611,398.1753052724339,398.1753052724339
SDSC-SP2-1998,length_quantile,7,offline_greedy,Global OPT,offline,1,25479.0,25479.0,25479.0,0.0,15.527472527472527,15.527472527472527,15.527472527472527,0.0,1.0,1.0,1.0,0.0,1.0,1.0,1.0,0.0,510209.0,510209.0,510209.0,7.0,6.999917681761611,398.1753052724339,398.1753052724339
SDSC-SP2-1998,length_quantile,7,offline_randomized,Offline Randomized,offline,1,21948.788,9761.0,25469.0,0.0,5.438945622091434,1.2558454993563484,5.438945622091434,nan,0.8614462106048119,0.38309980768476,0.9996075199183642,0.0,1.1608385848002176,1.000392634182732,2.610285831369737,0.0,510209.0,510209.0,510209.0,7.0,6.999917681761611,398.1753052724339,398.1753052724339
SDSC-SP2-1998,length_quantile,7,online_randomized_fair,Online Randomized Fair Algorithm,online,1,249.795,0.0,4723.0,0.0,183.541616112594,74.83165694644013,183.541616112594,nan,0.009803956199222889,0.0,0.18536834255661525,0.0,101.99963970455774,nan,nan,0.0,510209.0,510209.0,510209.0,7.0,6.999917681761611,398.1753052724339,398.1753052724339
SDSC-SP2-1998,length_quantile,8,crs,CRS,online,1,1759.241,1.0,8288.0,0.0,23.592276839199208,13.111474422406747,23.592276839199208,nan,0.06904670512971467,3.92480081635857e-05,0.32528749165979826,0.0,14.482950317779087,3.074203667953668,25479.0,0.0,510209.0,510209.0,510209.0,8.0,7.999890242563934,455.05749173992444,455.05749173992444
SDSC-SP2-1998,length_quantile,8,offline_deterministic,Offline Deterministic,offline,1,22591.0,22591.0,22591.0,0.0,6.251282051282051,6.251282051282051,6.251282051282051,0.0,0.8866517524235645,0.8866517524235645,0.8866517524235645,0.0,1.127838519764508,1.127838519764508,1.127838519764508,0.0,510209.0,510209.0,510209.0,8.0,7.999890242563934,455.05749173992444,455.05749173992444
SDSC-SP2-1998,length_quantile,8,offline_greedy,Global OPT,offline,1,25479.0,25479.0,25479.0,0.0,21.017241379310345,21.017241379310345,21.017241379310345,0.0,1.0,1.0,1.0,0.0,1.0,1.0,1.0,0.0,510209.0,510209.0,510209.0,8.0,7.999890242563934,455.05749173992444,455.05749173992444
SDSC-SP2-1998,length_quantile,8,offline_randomized,Offline Randomized,offline,1,21675.643,9410.0,25466.0,0.0,5.99571102541906,1.2718509961254914,5.99571102541906,nan,0.8507258134149692,0.36932375681934143,0.9994897758938733,0.0,1.1754668592761008,1.000510484567659,2.7076514346439957,0.0,510209.0,510209.0,510209.0,8.0,7.999890242563934,455.05749173992444,455.05749173992444
SDSC-SP2-1998,length_quantile,8,online_randomized_fair,Online Randomized Fair Algorithm,online,1,227.465,0.0,5576.0,0.0,249.65548920532845,72.68932617769828,249.65548920532845,nan,0.008927548176930021,0.0,0.21884689352015385,0.0,112.01283713977975,nan,nan,0.0,510209.0,510209.0,510209.0,8.0,7.999890242563934,455.05749173992444,455.05749173992444
SDSC-SP2-1998,length_quantile,9,crs,CRS,online,1,1759.241,1.0,8288.0,0.0,23.89247883214606,13.445315785567622,23.89247883214606,nan,0.06904670512971467,3.92480081635857e-05,0.32528749165979826,0.0,14.482950317779087,3.074203667953668,25479.0,0.0,510209.0,510209.0,510209.0,9.0,8.999858883573069,511.93967820741494,511.93967820741494
SDSC-SP2-1998,length_quantile,9,offline_deterministic,Offline Deterministic,offline,1,22664.0,22664.0,22664.0,0.0,7.344594594594595,7.344594594594595,7.344594594594595,0.0,0.8895168570195062,0.8895168570195062,0.8895168570195062,0.0,1.124205788916343,1.124205788916343,1.124205788916343,0.0,510209.0,510209.0,510209.0,9.0,8.999858883573069,511.93967820741494,511.93967820741494
SDSC-SP2-1998,length_quantile,9,offline_greedy,Global OPT,offline,1,25479.0,25479.0,25479.0,0.0,29.37837837837838,29.37837837837838,29.37837837837838,0.0,1.0,1.0,1.0,0.0,1.0,1.0,1.0,0.0,510209.0,510209.0,510209.0,9.0,8.999858883573069,511.93967820741494,511.93967820741494
SDSC-SP2-1998,length_quantile,9,offline_randomized,Offline Randomized,offline,1,21657.846,9376.0,25472.0,0.0,6.960140867616455,1.2647419247657192,6.960140867616455,nan,0.8500273166136818,0.3679893245417795,0.9997252639428549,0.0,1.1764327809884694,1.0002748115577889,2.7174701365187715,0.0,510209.0,510209.0,510209.0,9.0,8.999858883573069,511.93967820741494,511.93967820741494
SDSC-SP2-1998,length_quantile,9,online_randomized_fair,Online Randomized Fair Algorithm,online,1,187.664,0.0,4765.0,0.0,260.4103802051901,116.84134642045139,260.4103802051901,nan,0.007365438204011147,0.0,0.18701675889948585,0.0,135.76924716514623,nan,nan,0.0,510209.0,510209.0,510209.0,9.0,8.999858883573069,511.93967820741494,511.93967820741494
SDSC-SP2-1998,length_quantile,10,crs,CRS,online,1,1759.241,1.0,8288.0,0.0,24.101890134187684,14.230071572197927,24.101890134187684,nan,0.06904670512971467,3.92480081635857e-05,0.32528749165979826,0.0,14.482950317779087,3.074203667953668,25479.0,0.0,510209.0,510209.0,510209.0,10.0,9.999823604812061,568.8218646749056,568.8218646749056
SDSC-SP2-1998,length_quantile,10,offline_deterministic,Offline Deterministic,offline,1,22851.0,22851.0,22851.0,0.0,8.096,8.096,8.096,0.0,0.8968562345460968,0.8968562345460968,0.8968562345460968,0.0,1.1150059078377315,1.1150059078377315,1.1150059078377315,0.0,510209.0,510209.0,510209.0,10.0,9.999823604812061,568.8218646749056,568.8218646749056
SDSC-SP2-1998,length_quantile,10,offline_greedy,Global OPT,offline,1,25479.0,25479.0,25479.0,0.0,33.733333333333334,33.733333333333334,33.733333333333334,0.0,1.0,1.0,1.0,0.0,1.0,1.0,1.0,0.0,510209.0,510209.0,510209.0,10.0,9.999823604812061,568.8218646749056,568.8218646749056
SDSC-SP2-1998,length_quantile,10,offline_randomized,Offline Randomized,offline,1,21850.892,8773.0,25467.0,0.0,8.328189935398921,1.251946655827123,8.328189935398921,nan,0.8576039875976295,0.3443227756191373,0.999529023902037,0.0,1.1660393543659453,1.0004711980209684,2.904251681294882,0.0,510209.0,510209.0,510209.0,10.0,9.999823604812061,568.8218646749056,568.8218646749056
SDSC-SP2-1998,length_quantile,10,online_randomized_fair,Online Randomized Fair Algorithm,online,1,160.413,0.0,4273.0,0.0,388.6545935665261,109.15758817819004,388.6545935665261,nan,0.0062958907335452724,0.0,0.1677067388830017,0.0,158.83376035608086,nan,nan,0.0,510209.0,510209.0,510209.0,10.0,9.999823604812061,568.8218646749056,568.8218646749056
SDSC-SP2-1998,uniform,2,crs,CRS,online,1,1759.241,1.0,8288.0,0.0,16.64425478196438,16.625880943365303,16.64425478196438,nan,0.06904670512971467,3.92480081635857e-05,0.32528749165979826,0.0,14.482950317779087,3.074203667953668,25479.0,0.0,510209.0,510209.0,510209.0,2.0,1.9999960800454715,113.76437293498111,113.76437293498111
SDSC-SP2-1998,uniform,2,offline_deterministic,Offline Deterministic,offline,1,24910.0,24910.0,24910.0,0.0,1.175591432225064,1.175591432225064,1.175591432225064,0.0,0.9776678833549197,0.9776678833549197,0.9776678833549197,0.0,1.0228422320353272,1.0228422320353272,1.0228422320353272,0.0,510209.0,510209.0,510209.0,2.0,1.9999960800454715,113.76437293498111,113.76437293498111
SDSC-SP2-1998,uniform,2,offline_greedy,Global OPT,offline,1,25479.0,25479.0,25479.0,0.0,1.1531331696110274,1.1531331696110274,1.1531331696110274,0.0,1.0,1.0,1.0,0.0,1.0,1.0,1.0,0.0,510209.0,510209.0,510209.0,2.0,1.9999960800454715,113.76437293498111,113.76437293498111
SDSC-SP2-1998,uniform,2,offline_randomized,Offline Randomized,offline,1,24897.45,24885.0,24910.0,0.0,1.1757568200130453,1.175083009006871,1.1757568200130453,nan,0.9771753208524667,0.9766866831508301,0.9776678833549197,0.0,1.0233578137520107,1.0228422320353272,1.023869801084991,0.0,510209.0,510209.0,510209.0,2.0,1.9999960800454715,113.76437293498111,113.76437293498111
SDSC-SP2-1998,uniform,2,online_randomized_fair,Online Randomized Fair Algorithm,online,1,988.08,0.0,4380.0,0.0,30.25836855092016,29.010518260512836,30.25836855092016,nan,0.03878017190627576,0.0,0.17190627575650536,0.0,25.78637357299004,nan,nan,0.0,510209.0,510209.0,510209.0,2.0,1.9999960800454715,113.76437293498111,113.76437293498111
SDSC-SP2-1998,uniform,3,crs,CRS,online,1,1759.241,1.0,8288.0,0.0,17.965742911886522,17.884328530348,17.965742911886522,nan,0.06904670512971467,3.92480081635857e-05,0.32528749165979826,0.0,14.482950317779087,3.074203667953668,25479.0,0.0,510209.0,510209.0,510209.0,3.0,2.9999882401594635,170.64655940247167,170.64655940247167
SDSC-SP2-1998,uniform,3,offline_deterministic,Offline Deterministic,offline,1,24610.0,24610.0,24610.0,0.0,1.2941897523902917,1.2941897523902917,1.2941897523902917,0.0,0.965893480905844,0.965893480905844,0.965893480905844,0.0,1.035310849248273,1.035310849248273,1.035310849248273,0.0,510209.0,510209.0,510209.0,3.0,2.9999882401594635,170.64655940247167,170.64655940247167
SDSC-SP2-1998,uniform,3,offline_greedy,Global OPT,offline,1,25479.0,25479.0,25479.0,0.0,1.2473896535358329,1.2473896535358329,1.2473896535358329,0.0,1.0,1.0,1.0,0.0,1.0,1.0,1.0,0.0,510209.0,510209.0,510209.0,3.0,2.9999882401594635,170.64655940247167,170.64655940247167
SDSC-SP2-1998,uniform,3,offline_randomized,Offline Randomized,offline,1,24587.07,24543.0,24630.0,0.0,1.2892362873148115,1.271118591584227,1.2892362873148115,nan,0.964993524078653,0.9632638643588838,0.9666784410691157,0.0,1.036276384294672,1.0344701583434837,1.038137147048038,0.0,510209.0,510209.0,510209.0,3.0,2.9999882401594635,170.64655940247167,170.64655940247167
SDSC-SP2-1998,uniform,3,online_randomized_fair,Online Randomized Fair Algorithm,online,1,698.596,0.0,3016.0,0.0,46.956583617231345,44.05177434831616,46.956583617231345,nan,0.027418501511048313,0.0,0.11837199262137446,0.0,36.47172328498875,nan,nan,0.0,510209.0,510209.0,510209.0,3.0,2.9999882401594635,170.64655940247167,170.64655940247167
SDSC-SP2-1998,uniform,4,crs,CRS,online,1,1759.241,1.0,8288.0,0.0,19.03286821920789,18.718195632200157,19.03286821920789,nan,0.06904670512971467,3.92480081635857e-05,0.32528749165979826,0.0,14.482950317779087,3.074203667953668,25479.0,0.0,510209.0,510209.0,510209.0,4.0,3.999976480365025,227.52874586996222,227.52874586996222
SDSC-SP2-1998,uniform,4,offline_deterministic,Offline Deterministic,offline,1,24465.0,24465.0,24465.0,0.0,1.3779501567915498,1.3779501567915498,1.3779501567915498,0.0,0.9602025197221241,0.9602025197221241,0.9602025197221241,0.0,1.0414469650521152,1.0414469650521152,1.0414469650521152,0.0,510209.0,510209.0,510209.0,4.0,3.999976480365025,227.52874586996222,227.52874586996222
SDSC-SP2-1998,uniform,4,offline_greedy,Global OPT,offline,1,25479.0,25479.0,25479.0,0.0,1.3193742098609356,1.3193742098609356,1.3193742098609356,0.0,1.0,1.0,1.0,0.0,1.0,1.0,1.0,0.0,510209.0,510209.0,510209.0,4.0,3.999976480365025,227.52874586996222,227.52874586996222
SDSC-SP2-1998,uniform,4,offline_randomized,Offline Randomized,offline,1,24431.91,24342.0,24472.0,0.0,1.3651854399092762,1.3522032296835653,1.3651854399092762,nan,0.9589038031319911,0.955375014718003,0.9604772557792692,0.0,1.042857476144927,1.0411490683229814,1.0467093911757457,0.0,510209.0,510209.0,510209.0,4.0,3.999976480365025,227.52874586996222,227.52874586996222
SDSC-SP2-1998,uniform,4,online_randomized_fair,Online Randomized Fair Algorithm,online,1,548.915,0.0,2305.0,0.0,65.32898919262556,54.20600199554839,65.32898919262556,nan,0.021543820401114643,0.0,0.09046665881706503,0.0,46.4170226719984,nan,nan,0.0,510209.0,510209.0,510209.0,4.0,3.999976480365025,227.52874586996222,227.52874586996222
SDSC-SP2-1998,uniform,5,crs,CRS,online,1,1759.241,1.0,8288.0,0.0,19.776210517243854,19.486412139039107,19.776210517243854,nan,0.06904670512971467,3.92480081635857e-05,0.32528749165979826,0.0,14.482950317779087,3.074203667953668,25479.0,0.0,510209.0,510209.0,510209.0,5.0,4.999960800685204,284.4109323374528,284.4109323374528
SDSC-SP2-1998,uniform,5,offline_deterministic,Offline Deterministic,offline,1,24175.0,24175.0,24175.0,0.0,1.4481535572710202,1.4481535572710202,1.4481535572710202,0.0,0.9488205973546843,0.9488205973546843,0.9488205973546843,0.0,1.0539400206825233,1.0539400206825233,1.0539400206825233,0.0,510209.0,510209.0,510209.0,5.0,4.999960800685204,284.4109323374528,284.4109323374528
SDSC-SP2-1998,uniform,5,offline_greedy,Global OPT,offline,1,25479.0,25479.0,25479.0,0.0,1.372251099560176,1.372251099560176,1.372251099560176,0.0,1.0,1.0,1.0,0.0,1.0,1.0,1.0,0.0,510209.0,510209.0,510209.0,5.0,4.999960800685204,284.4109323374528,284.4109323374528
SDSC-SP2-1998,uniform,5,offline_randomized,Offline Randomized,offline,1,24227.475,24098.0,24385.0,0.0,1.4365464619392623,1.4099295522737323,1.4365464619392623,nan,0.9508801365830685,0.9457985007260882,0.9570626790690372,0.0,1.0516572610228676,1.044863645683822,1.0573076603867542,0.0,510209.0,510209.0,510209.0,5.0,4.999960800685204,284.4109323374528,284.4109323374528
SDSC-SP2-1998,uniform,5,online_randomized_fair,Online Randomized Fair Algorithm,online,1,449.028,0.0,1937.0,0.0,83.98267350692092,70.60332474924095,83.98267350692092,nan,0.017623454609678558,0.0,0.07602339181286549,0.0,56.74256393810631,nan,nan,0.0,510209.0,510209.0,510209.0,5.0,4.999960800685204,284.4109323374528,284.4109323374528
SDSC-SP2-1998,uniform,6,crs,CRS,online,1,1759.241,1.0,8288.0,0.0,20.437618477071126,20.145308205997342,20.437618477071126,nan,0.06904670512971467,3.92480081635857e-05,0.32528749165979826,0.0,14.482950317779087,3.074203667953668,25479.0,0.0,510209.0,510209.0,510209.0,6.0,5.9999412011430495,341.29311880494333,341.29311880494333
SDSC-SP2-1998,uniform,6,offline_deterministic,Offline Deterministic,offline,1,24175.0,24175.0,24175.0,0.0,1.4923780487804879,1.4923780487804879,1.4923780487804879,0.0,0.9488205973546843,0.9488205973546843,0.9488205973546843,0.0,1.0539400206825233,1.0539400206825233,1.0539400206825233,0.0,510209.0,510209.0,510209.0,6.0,5.9999412011430495,341.29311880494333,341.29311880494333
SDSC-SP2-1998,uniform,6,offline_greedy,Global OPT,offline,1,25479.0,25479.0,25479.0,0.0,1.4156189555125724,1.4156189555125724,1.4156189555125724,0.0,1.0,1.0,1.0,0.0,1.0,1.0,1.0,0.0,510209.0,510209.0,510209.0,6.0,5.9999412011430495,341.29311880494333,341.29311880494333
SDSC-SP2-1998,uniform,6,offline_randomized,Offline Randomized,offline,1,24136.482,24061.0,24227.0,0.0,1.492581449570631,1.4655827496364606,1.492581449570631,nan,0.9473088425762393,0.9443463244240354,0.9508614937791907,0.0,1.0556219419217763,1.0516778800511826,1.0589335439092307,0.0,510209.0,510209.0,510209.0,6.0,5.9999412011430495,341.29311880494333,341.29311880494333
SDSC-SP2-1998,uniform,6,online_randomized_fair,Online Randomized Fair Algorithm,online,1,382.307,0.0,1604.0,0.0,99.31374687494757,88.56377864232778,99.31374687494757,nan,0.015004788256995957,0.0,0.06295380509439145,0.0,66.64539231559976,nan,nan,0.0,510209.0,510209.0,510209.0,6.0,5.9999412011430495,341.29311880494333,341.29311880494333
SDSC-SP2-1998,uniform,7,crs,CRS,online,1,1759.241,1.0,8288.0,0.0,20.942575013725662,20.578821176461325,20.942575013725662,nan,0.06904670512971467,3.92480081635857e-05,0.32528749165979826,0.0,14.482950317779087,3.074203667953668,25479.0,0.0,510209.0,510209.0,510209.0,7.0,6.999917681761611,398.1753052724339,398.1753052724339
SDSC-SP2-1998,uniform,7,offline_deterministic,Offline Deterministic,offline,1,24093.0,24093.0,24093.0,0.0,1.542232722976964,1.542232722976964,1.542232722976964,0.0,0.9456022606852702,0.9456022606852702,0.9456022606852702,0.0,1.057527082555099,1.057527082555099,1.057527082555099,0.0,510209.0,510209.0,510209.0,7.0,6.999917681761611,398.1753052724339,398.1753052724339
SDSC-SP2-1998,uniform,7,offline_greedy,Global OPT,offline,1,25479.0,25479.0,25479.0,0.0,1.4703862660944207,1.4703862660944207,1.4703862660944207,0.0,1.0,1.0,1.0,0.0,1.0,1.0,1.0,0.0,510209.0,510209.0,510209.0,7.0,6.999917681761611,398.1753052724339,398.1753052724339
SDSC-SP2-1998,uniform,7,offline_randomized,Offline Randomized,offline,1,24087.628,23990.0,24207.0,0.0,1.550358597732476,1.5048523694345348,1.550358597732476,nan,0.9453914203854155,0.9415597158444209,0.950076533615919,0.0,1.0577629312442054,1.0525467839881026,1.0620675281367236,0.0,510209.0,510209.0,510209.0,7.0,6.999917681761611,398.1753052724339,398.1753052724339
SDSC-SP2-1998,uniform,7,online_randomized_fair,Online Randomized Fair Algorithm,online,1,334.451,0.0,1405.0,0.0,121.49554293104245,99.23489343840033,121.49554293104245,nan,0.013126535578319401,0.0,0.05514345146983791,0.0,76.18156321852827,nan,nan,0.0,510209.0,510209.0,510209.0,7.0,6.999917681761611,398.1753052724339,398.1753052724339
SDSC-SP2-1998,uniform,8,crs,CRS,online,1,1759.241,1.0,8288.0,0.0,21.64165832015052,20.905474184873203,21.64165832015052,nan,0.06904670512971467,3.92480081635857e-05,0.32528749165979826,0.0,14.482950317779087,3.074203667953668,25479.0,0.0,510209.0,510209.0,510209.0,8.0,7.999890242563934,455.05749173992444,455.05749173992444
SDSC-SP2-1998,uniform,8,offline_deterministic,Offline Deterministic,offline,1,24275.0,24275.0,24275.0,0.0,1.5556666666666668,1.5556666666666668,1.5556666666666668,0.0,0.9527453981710429,0.9527453981710429,0.9527453981710429,0.0,1.049598352214212,1.049598352214212,1.049598352214212,0.0,510209.0,510209.0,510209.0,8.0,7.999890242563934,455.05749173992444,455.05749173992444
SDSC-SP2-1998,uniform,8,offline_greedy,Global OPT,offline,1,25479.0,25479.0,25479.0,0.0,1.4826929183867894,1.4826929183867894,1.4826929183867894,0.0,1.0,1.0,1.0,0.0,1.0,1.0,1.0,0.0,510209.0,510209.0,510209.0,8.0,7.999890242563934,455.05749173992444,455.05749173992444
SDSC-SP2-1998,uniform,8,offline_randomized,Offline Randomized,offline,1,24076.276,24005.0,24199.0,0.0,1.5661643470002398,1.5282142866426989,1.5661643470002398,nan,0.9449458769967424,0.9421484359668747,0.9497625495506103,0.0,1.0582616680420178,1.0528947477168478,1.0614038741928764,0.0,510209.0,510209.0,510209.0,8.0,7.999890242563934,455.05749173992444,455.05749173992444
SDSC-SP2-1998,uniform,8,online_randomized_fair,Online Randomized Fair Algorithm,online,1,297.695,0.0,1227.0,0.0,145.1987690761791,108.88883838269051,145.1987690761791,nan,0.011683935790258644,0.0,0.04815730601671965,0.0,85.58759804497892,nan,nan,0.0,510209.0,510209.0,510209.0,8.0,7.999890242563934,455.05749173992444,455.05749173992444
SDSC-SP2-1998,uniform,9,crs,CRS,online,1,1759.241,1.0,8288.0,0.0,21.961573631807756,21.355361786752333,21.961573631807756,nan,0.06904670512971467,3.92480081635857e-05,0.32528749165979826,0.0,14.482950317779087,3.074203667953668,25479.0,0.0,510209.0,510209.0,510209.0,9.0,8.999858883573069,511.93967820741494,511.93967820741494
SDSC-SP2-1998,uniform,9,offline_deterministic,Offline Deterministic,offline,1,23914.0,23914.0,23914.0,0.0,1.6387455339420405,1.6387455339420405,1.6387455339420405,0.0,0.9385768672239884,0.9385768672239884,0.9385768672239884,0.0,1.0654428368319813,1.0654428368319813,1.0654428368319813,0.0,510209.0,510209.0,510209.0,9.0,8.999858883573069,511.93967820741494,511.93967820741494
SDSC-SP2-1998,uniform,9,offline_greedy,Global OPT,offline,1,25479.0,25479.0,25479.0,0.0,1.5201451905626133,1.5201451905626133,1.5201451905626133,0.0,1.0,1.0,1.0,0.0,1.0,1.0,1.0,0.0,510209.0,510209.0,510209.0,9.0,8.999858883573069,511.93967820741494,511.93967820741494
SDSC-SP2-1998,uniform,9,offline_randomized,Offline Randomized,offline,1,23979.324,23834.0,24081.0,0.0,1.6128729768759027,1.56354393107459,1.6128729768759027,nan,0.9411407041092664,0.9354370265709016,0.9451312845873072,0.0,1.062540378536109,1.0580540675221128,1.069019048418226,0.0,510209.0,510209.0,510209.0,9.0,8.999858883573069,511.93967820741494,511.93967820741494
SDSC-SP2-1998,uniform,9,online_randomized_fair,Online Randomized Fair Algorithm,online,1,266.48,0.0,1098.0,0.0,151.37513751375138,122.19319697643397,151.37513751375138,nan,0.010458809215432317,0.0,0.0430943129636171,0.0,95.61317922545781,nan,nan,0.0,510209.0,510209.0,510209.0,9.0,8.999858883573069,511.93967820741494,511.93967820741494
SDSC-SP2-1998,uniform,10,crs,CRS,online,1,1759.241,1.0,8288.0,0.0,22.453898516622868,21.567213779585213,22.453898516622868,nan,0.06904670512971467,3.92480081635857e-05,0.32528749165979826,0.0,14.482950317779087,3.074203667953668,25479.0,0.0,510209.0,510209.0,510209.0,10.0,9.999823604812061,568.8218646749056,568.8218646749056
SDSC-SP2-1998,uniform,10,offline_deterministic,Offline Deterministic,offline,1,23763.0,23763.0,23763.0,0.0,1.6529338327091136,1.6529338327091136,1.6529338327091136,0.0,0.9326504179912869,0.9326504179912869,0.9326504179912869,0.0,1.0722131044060093,1.0722131044060093,1.0722131044060093,0.0,510209.0,510209.0,510209.0,10.0,9.999823604812061,568.8218646749056,568.8218646749056
SDSC-SP2-1998,uniform,10,offline_greedy,Global OPT,offline,1,25479.0,25479.0,25479.0,0.0,1.5350293542074365,1.5350293542074365,1.5350293542074365,0.0,1.0,1.0,1.0,0.0,1.0,1.0,1.0,0.0,510209.0,510209.0,510209.0,10.0,9.999823604812061,568.8218646749056,568.8218646749056
SDSC-SP2-1998,uniform,10,offline_randomized,Offline Randomized,offline,1,23936.56,23778.0,24102.0,0.0,1.6269605870664514,1.5921388508075667,1.6269605870664514,nan,0.9394623022881589,0.9332391381137407,0.9459554927587425,0.0,1.0644386662076755,1.0571321882001494,1.0715367146101438,0.0,510209.0,510209.0,510209.0,10.0,9.999823604812061,568.8218646749056,568.8218646749056
SDSC-SP2-1998,uniform,10,online_randomized_fair,Online Randomized Fair Algorithm,online,1,241.486,0.0,1009.0,0.0,181.27159967807603,134.1860872612581,181.27159967807603,nan,0.009477844499391656,0.0,0.039601240237057966,0.0,105.50922206670366,nan,nan,0.0,510209.0,510209.0,510209.0,10.0,9.999823604812061,568.8218646749056,568.8218646749056
