workload,assignment_method,k,algorithm,algorithm_label,setting,num_instances,mean_selected,ci95_selected,mean_fairness,ci95_fairness,mean_fraction_opt,ci95_fraction_opt,mean_inverse_ratio,ci95_inverse_ratio
CTC-SP2-1996,exponential,2,offline_deterministic,Offline Deterministic,offline,5,20148.0,39.64339238763504,0.7437622390152475,0.0024880099187842074,0.9637885673283904,0.001896359358413528,1.0375761508720884,0.002041957208900234
CTC-SP2-1996,exponential,2,offline_greedy,Offline Greedy,offline,5,20905.0,0.0,0.7360928499106233,0.0035624444765528693,1.0,0.0,1.0,0.0
CTC-SP2-1996,exponential,2,offline_randomized,Offline Randomized,offline,5,20148.94,28.318683404424185,0.7178204989237714,0.002833771140115149,0.9638335326476919,0.0013546368526393012,1.0375256954792154,0.0014578521982017768
CTC-SP2-1996,exponential,2,online_randomized,Online Randomized,online,5,1346.0,1.630196935342523,0.039151585515209926,0.00014703348407017517,0.06438651040420952,7.798119757677731e-05,15.53122729367939,0.018815263299088617
CTC-SP2-1996,exponential,2,simple_online_greedy,Simple Online Greedy,online,5,2538.0,0.0,0.08888055383601527,0.0008064078387513482,0.12140636211432672,0.0,8.236800630417651,0.0
CTC-SP2-1996,exponential,3,offline_deterministic,Offline Deterministic,offline,5,19740.6,32.006265886541655,0.6196927326840395,0.004821822124695077,0.9443004066012916,0.0015310340055748124,1.0589879404047084,0.0017204711913323125
CTC-SP2-1996,exponential,3,offline_greedy,Offline Greedy,offline,5,20905.0,0.0,0.6049948112768954,0.005489367646272566,1.0,0.0,1.0,0.0
CTC-SP2-1996,exponential,3,offline_randomized,Offline Randomized,offline,5,19770.198,12.281861719722851,0.576171509262496,0.002245189005661222,0.9457162401339393,0.0005875083338781376,1.057400052397215,0.0006569379342352006
CTC-SP2-1996,exponential,3,online_randomized,Online Randomized,online,5,1103.5539999999999,1.3045946104441286,0.029889997297940955,0.00018207894064665588,0.05278899784740493,6.240586512528576e-05,18.94336882593853,0.02240992595020512
CTC-SP2-1996,exponential,3,simple_online_greedy,Simple Online Greedy,online,5,2538.0,0.0,0.07268405789257167,0.002023660034945774,0.12140636211432672,0.0,8.236800630417651,0.0
CTC-SP2-1996,exponential,4,offline_deterministic,Offline Deterministic,offline,5,19478.8,90.83791226134602,0.5391515470767623,0.004723851300348374,0.9317770868213346,0.004345272052683375,1.0732424976407682,0.005032226595076052
CTC-SP2-1996,exponential,4,offline_greedy,Offline Greedy,offline,5,20905.0,0.0,0.5193915659156473,0.005953616627871296,1.0,0.0,1.0,0.0
CTC-SP2-1996,exponential,4,offline_randomized,Offline Randomized,offline,5,19475.670000000002,14.462660573490021,0.5190225886327687,0.0034412403054734754,0.9316273618751495,0.000691827819827338,1.073391159855762,0.0007975478845081935
CTC-SP2-1996,exponential,4,online_randomized,Online Randomized,online,5,811.88,0.7302676988611665,0.015340054488272897,7.081615168578525e-05,0.0388366419516862,3.4932681122276273e-05,25.748900813185575,0.02313611904324265
CTC-SP2-1996,exponential,4,simple_online_greedy,Simple Online Greedy,online,5,2538.0,0.0,0.06285546867396771,0.003122281592589809,0.12140636211432672,0.0,8.236800630417651,0.0
CTC-SP2-1996,exponential,5,offline_deterministic,Offline Deterministic,offline,5,19264.8,82.14107221116606,0.48130255742680933,0.010793231595865654,0.9215403013633102,0.003929254829522419,1.0851603378262038,0.004640349547736426
CTC-SP2-1996,exponential,5,offline_greedy,Offline Greedy,offline,5,20905.0,0.0,0.46078695177054524,0.012202227239757443,1.0,0.0,1.0,0.0
CTC-SP2-1996,exponential,5,offline_randomized,Offline Randomized,offline,5,19282.552,10.319124330600951,0.46608139174460617,0.0049139536979667595,0.9223894762018655,0.0004936199153599951,1.0841410532053364,0.0005801761943209117
CTC-SP2-1996,exponential,5,online_randomized,Online Randomized,online,5,714.964,2.3703410542788954,0.015189841854630053,3.37451408097351e-05,0.034200621860798856,0.0001133863216588798,29.239569869971252,0.09717424416698818
CTC-SP2-1996,exponential,5,simple_online_greedy,Simple Online Greedy,online,5,2538.0,0.0,0.054685216161861915,0.004362474256812625,0.12140636211432672,0.0,8.236800630417651,0.0
CTC-SP2-1996,exponential,6,offline_deterministic,Offline Deterministic,offline,5,19108.2,66.49688161109512,0.4368667255349765,0.008987817731611928,0.9140492705094475,0.003180907993833808,1.0940467339703561,0.003810041698369804
CTC-SP2-1996,exponential,6,offline_greedy,Offline Greedy,offline,5,20905.0,0.0,0.4115023684991242,0.01586182223667433,1.0,0.0,1.0,0.0
CTC-SP2-1996,exponential,6,offline_randomized,Offline Randomized,offline,5,19194.748,11.75475158216468,0.37313377118733876,0.007296831388696194,0.9181893326955274,0.0005622937853223828,1.0891004226544867,0.0006666605384319089
CTC-SP2-1996,exponential,6,online_randomized,Online Randomized,online,5,679.38,1.227889552036343,0.007981328923001737,0.00020698462733637443,0.03249844534800287,5.873664444086801e-05,30.77080732446789,0.05559573307950782
CTC-SP2-1996,exponential,6,simple_online_greedy,Simple Online Greedy,online,5,2538.0,0.0,0.051021947214586284,0.004447520051381771,0.12140636211432672,0.0,8.236800630417651,0.0
CTC-SP2-1996,exponential,7,offline_deterministic,Offline Deterministic,offline,5,19022.8,116.62148234352021,0.39617943666619704,0.005327931274490568,0.9099641234154509,0.005578640628726143,1.0989873632369782,0.006726683667148458
CTC-SP2-1996,exponential,7,offline_greedy,Offline Greedy,offline,5,20905.0,0.0,0.37176995605827157,0.016059939320703327,1.0,0.0,1.0,0.0
CTC-SP2-1996,exponential,7,offline_randomized,Offline Randomized,offline,5,19087.814,18.598431221412383,0.36270016537072247,0.007670505036817252,0.9130740971059556,0.0008896642535954162,1.0952024496381556,0.0010663945989949695
CTC-SP2-1996,exponential,7,online_randomized,Online Randomized,online,5,638.374,1.6395326778079262,0.006860174935894135,0.00013238435694842705,0.03053690504663956,7.842777698196252e-05,32.74748556192012,0.08397024174016833
CTC-SP2-1996,exponential,7,simple_online_greedy,Simple Online Greedy,online,5,2538.0,0.0,0.0450006645627258,0.004312652887935628,0.12140636211432672,0.0,8.236800630417651,0.0
CTC-SP2-1996,exponential,8,offline_deterministic,Offline Deterministic,offline,5,18860.4,42.14501365523566,0.3732751218368114,0.007862151685716233,0.902195646974408,0.0020160255276362653,1.1084127967014634,0.0024773067196211655
CTC-SP2-1996,exponential,8,offline_greedy,Offline Greedy,offline,5,20905.0,0.0,0.3458634562194757,0.012903555078635465,1.0,0.0,1.0,0.0
CTC-SP2-1996,exponential,8,offline_randomized,Offline Randomized,offline,5,18919.868,25.370624456295598,0.35260196576779734,0.0094182317262119,0.9050403252810333,0.0012136151378280596,1.1049252108296006,0.0014815908358149297
CTC-SP2-1996,exponential,8,online_randomized,Online Randomized,online,5,444.89,1.0669315404467108,0.0037251763360389902,0.00014527961780927588,0.02128151160009567,5.103714615865664e-05,46.98942452937245,0.11259019716932193
CTC-SP2-1996,exponential,8,simple_online_greedy,Simple Online Greedy,online,5,2538.0,0.0,0.04185535529721931,0.004117462131995604,0.12140636211432672,0.0,8.236800630417651,0.0
CTC-SP2-1996,exponential,9,offline_deterministic,Offline Deterministic,offline,5,18842.8,137.0114304136702,0.3378238435218527,0.015119224272320065,0.9013537431236547,0.006554002889914857,1.109503651481766,0.008099030176426965
CTC-SP2-1996,exponential,9,offline_greedy,Offline Greedy,offline,5,20905.0,0.0,0.3135938127125355,0.01160224286632714,1.0,0.0,1.0,0.0
CTC-SP2-1996,exponential,9,offline_randomized,Offline Randomized,offline,5,18916.364,18.927151394586698,0.3413863546062591,0.0070823849498143025,0.9048727098780196,0.0009053887297099494,1.105128966239322,0.001105784921368585
CTC-SP2-1996,exponential,9,online_randomized,Online Randomized,online,5,411.73,0.9284691917344374,0.0037722102302342173,0.00010990979958600596,0.019695288208562544,4.441373794472313e-05,50.77383380319194,0.11439515029858977
CTC-SP2-1996,exponential,9,simple_online_greedy,Simple Online Greedy,online,5,2538.0,0.0,0.03349375245046196,0.007159909333342144,0.12140636211432672,0.0,8.236800630417651,0.0
CTC-SP2-1996,exponential,10,offline_deterministic,Offline Deterministic,offline,5,19050.0,110.62459473372094,0.3109750759856141,0.01657740623795798,0.9112652475484334,0.00529177683490651,1.0974136813163204,0.006343136266518044
CTC-SP2-1996,exponential,10,offline_greedy,Offline Greedy,offline,5,20905.0,0.0,0.2930592161527321,0.013539398634654592,1.0,0.0,1.0,0.0
CTC-SP2-1996,exponential,10,offline_randomized,Offline Randomized,offline,5,18953.628,32.09282022643719,0.31249138891033484,0.009975774154703274,0.9066552499402056,0.0015351743710326337,1.10295835658423,0.0018670704943724073
CTC-SP2-1996,exponential,10,online_randomized,Online Randomized,online,5,389.176,0.40309343036075,0.0038094365087734624,0.00010379524624350862,0.018616407558000477,1.9282154047392592e-05,53.71611648311563,0.05562938135857949
CTC-SP2-1996,exponential,10,simple_online_greedy,Simple Online Greedy,online,5,2538.0,0.0,0.029547711269304822,0.008975666999290956,0.12140636211432672,0.0,8.236800630417651,0.0
CTC-SP2-1996,uniform,2,offline_deterministic,Offline Deterministic,offline,5,20140.4,13.345282911950573,0.7708401428311588,0.0013598018884033614,0.9634250179382923,0.0006383775609638961,1.0379639707200083,0.0006876944446486676
CTC-SP2-1996,uniform,2,offline_greedy,Offline Greedy,offline,5,20905.0,0.0,0.8005801247468161,0.0014597044432450197,1.0,0.0,1.0,0.0
CTC-SP2-1996,uniform,2,offline_randomized,Offline Randomized,offline,5,20134.43,15.496015844081283,0.7503017095146197,0.0016171002795600906,0.9631394403252811,0.0007412588301402226,1.0382718999001659,0.0007988559691935354
CTC-SP2-1996,uniform,2,online_randomized,Online Randomized,online,5,1306.912,0.9580050137655869,0.03975971161291867,0.00014224741133113617,0.0625167184883999,4.582659716649442e-05,15.995730159272705,0.011723153770429129
CTC-SP2-1996,uniform,2,simple_online_greedy,Simple Online Greedy,online,5,2538.0,0.0,0.09609418647756364,0.00025040983448924056,0.12140636211432672,0.0,8.236800630417651,0.0
CTC-SP2-1996,uniform,3,offline_deterministic,Offline Deterministic,offline,5,19757.0,45.50409212367608,0.6677814526377663,0.003000637806683366,0.9450849079167664,0.0021767085445432064,1.0581118207940352,0.0024323098317890757
CTC-SP2-1996,uniform,3,offline_greedy,Offline Greedy,offline,5,20905.0,0.0,0.7082973925763244,0.001793097619823112,1.0,0.0,1.0,0.0
CTC-SP2-1996,uniform,3,offline_randomized,Offline Randomized,offline,5,19743.964,31.987111487622297,0.6394301785560955,0.0035465452161197748,0.944461325041856,0.0015301177463583877,1.0588075017213143,0.0017173164567657582
CTC-SP2-1996,uniform,3,online_randomized,Online Randomized,online,5,1064.22,1.493399102718348,0.031184604666631182,0.00011340876699821808,0.05090743841186319,7.143741223240122e-05,19.64353498617541,0.027526476548364112
CTC-SP2-1996,uniform,3,simple_online_greedy,Simple Online Greedy,online,5,2538.0,0.0,0.08405078933954985,0.0009490780269631039,0.12140636211432672,0.0,8.236800630417651,0.0
CTC-SP2-1996,uniform,4,offline_deterministic,Offline Deterministic,offline,5,19533.0,64.65326720282587,0.60783234077018,0.0030963119735330723,0.9343697679980866,0.003092717876241352,1.0702523630295155,0.0035563137340033184
CTC-SP2-1996,uniform,4,offline_greedy,Offline Greedy,offline,5,20905.0,0.0,0.6505007834692619,0.0024267833997202565,1.0,0.0,1.0,0.0
CTC-SP2-1996,uniform,4,offline_randomized,Offline Randomized,offline,5,19512.912,19.626381876810868,0.5966406036840655,0.0031477711455562456,0.9334088495575221,0.0009388367317297855,1.0713430189060573,0.0010789845466017266
CTC-SP2-1996,uniform,4,online_randomized,Online Randomized,online,5,766.9879999999999,1.1930975779038244,0.015872896522741424,6.120958568547359e-05,0.03668921310691222,5.7072354838738164e-05,27.256036045956847,0.042320835742921795
CTC-SP2-1996,uniform,4,simple_online_greedy,Simple Online Greedy,online,5,2538.0,0.0,0.0767350766845996,0.001648111637843077,0.12140636211432672,0.0,8.236800630417651,0.0
CTC-SP2-1996,uniform,5,offline_deterministic,Offline Deterministic,offline,5,19413.4,51.98472791118561,0.5689383877898404,0.002334388206517187,0.9286486486486486,0.0024867126482270357,1.0768415753748821,0.002886481460690069
CTC-SP2-1996,uniform,5,offline_greedy,Offline Greedy,offline,5,20905.0,0.0,0.6099385682599585,0.003070826627405368,1.0,0.0,1.0,0.0
CTC-SP2-1996,uniform,5,offline_randomized,Offline Randomized,offline,5,19327.78,22.825931449997533,0.5624448160579852,0.0010855949360518498,0.9245529777565176,0.001091888612771947,1.0816053548163793,0.001276753113070039
CTC-SP2-1996,uniform,5,online_randomized,Online Randomized,online,5,701.686,0.6918161443620443,0.015516699134895907,0.00011166234810825495,0.033565462807940684,3.309333386089605e-05,29.792558433581064,0.029370833115781994
CTC-SP2-1996,uniform,5,simple_online_greedy,Simple Online Greedy,online,5,2538.0,0.0,0.0723493773346204,0.0010797253718869792,0.12140636211432672,0.0,8.236800630417651,0.0
CTC-SP2-1996,uniform,6,offline_deterministic,Offline Deterministic,offline,5,19270.2,59.570458987655954,0.5346769547614028,0.004539928598307948,0.9217986127720641,0.0028495794780031337,1.0848464371203717,0.0033503781560057346
CTC-SP2-1996,uniform,6,offline_greedy,Offline Greedy,offline,5,20905.0,0.0,0.5821455003741326,0.0025802081311391374,1.0,0.0,1.0,0.0
CTC-SP2-1996,uniform,6,offline_randomized,Offline Randomized,offline,5,19224.75,21.761502313212944,0.4988875538897577,0.0027047871174912027,0.9196244917483856,0.0010409711702087047,1.0874018061707147,0.0012301267819496452
CTC-SP2-1996,uniform,6,online_randomized,Online Randomized,online,5,610.812,2.0612491684413365,0.00791420713533223,9.061160687661236e-05,0.029218464482181294,9.860077342460398e-05,34.225338698231276,0.11535614823842594
CTC-SP2-1996,uniform,6,simple_online_greedy,Simple Online Greedy,online,5,2538.0,0.0,0.06770431918769138,0.0015343734491671088,0.12140636211432672,0.0,8.236800630417651,0.0
CTC-SP2-1996,uniform,7,offline_deterministic,Offline Deterministic,offline,5,19170.6,90.05256207349127,0.5123196569614673,0.0016841763451961418,0.9170342023439368,0.004307704476129704,1.0904969575701557,0.0051295830891302735
CTC-SP2-1996,uniform,7,offline_greedy,Offline Greedy,offline,5,20905.0,0.0,0.5573457130760915,0.0017191105938484093,1.0,0.0,1.0,0.0
CTC-SP2-1996,uniform,7,offline_randomized,Offline Randomized,offline,5,19103.74,17.096466688529908,0.48411116564380285,0.003672896944053145,0.9138359244199952,0.0008178171101903895,1.0942892562026416,0.0009794336093790334
CTC-SP2-1996,uniform,7,online_randomized,Online Randomized,online,5,561.642,1.766474397889776,0.006751945494889027,5.402754410928313e-05,0.026866395599138962,8.450009078640352e-05,37.221602894811575,0.11715975815417191
CTC-SP2-1996,uniform,7,simple_online_greedy,Simple Online Greedy,online,5,2538.0,0.0,0.06345329656973245,0.0017458192523244131,0.12140636211432672,0.0,8.236800630417651,0.0
CTC-SP2-1996,uniform,8,offline_deterministic,Offline Deterministic,offline,5,19093.4,100.46524859870699,0.49353993607345265,0.0029455631110079147,0.9133413059076776,0.004805799980803997,1.0949124172265778,0.005742891253382205
CTC-SP2-1996,uniform,8,offline_greedy,Offline Greedy,offline,5,20905.0,0.0,0.5382569559897875,0.005225785879149098,1.0,0.0,1.0,0.0
CTC-SP2-1996,uniform,8,offline_randomized,Offline Randomized,offline,5,19024.708,22.765056512260603,0.47815398503258105,0.0026120760905941768,0.9100553934465438,0.001088976632971098,1.0988358506883673,0.0013162187734407204
CTC-SP2-1996,uniform,8,online_randomized,Online Randomized,online,5,437.592,1.9913001959523906,0.0042131451702038655,7.593563063501483e-05,0.0209324085147094,9.525473312376887e-05,47.773842063110855,0.217565359102228
CTC-SP2-1996,uniform,8,simple_online_greedy,Simple Online Greedy,online,5,2538.0,0.0,0.06192978314777386,0.0008878207662038687,0.12140636211432672,0.0,8.236800630417651,0.0
CTC-SP2-1996,uniform,9,offline_deterministic,Offline Deterministic,offline,5,19101.4,82.68226953827525,0.47890124579904725,0.0023294074003982436,0.9137239894762019,0.003955143245074147,1.0944437790659263,0.004743856863981568
CTC-SP2-1996,uniform,9,offline_greedy,Offline Greedy,offline,5,20905.0,0.0,0.5257064299270897,0.0023547682013718126,1.0,0.0,1.0,0.0
CTC-SP2-1996,uniform,9,offline_randomized,Offline Randomized,offline,5,18972.822,13.255961804048301,0.46376787394799535,0.00563493082226685,0.9075734034919876,0.0006341048459243418,1.1018398117966555,0.000769549073909567
CTC-SP2-1996,uniform,9,online_randomized,Online Randomized,online,5,407.31600000000003,0.9428516795339585,0.0041824796677944415,5.4063321865468984e-05,0.019484142549629276,4.5101730664146266e-05,51.32407426092822,0.11880262936962913
CTC-SP2-1996,uniform,9,simple_online_greedy,Simple Online Greedy,online,5,2538.0,0.0,0.05994982975264665,0.0010966042231194684,0.12140636211432672,0.0,8.236800630417651,0.0
CTC-SP2-1996,uniform,10,offline_deterministic,Offline Deterministic,offline,5,18966.6,74.04183747044638,0.46304970639490195,0.0012940836332573798,0.9072757713465678,0.0035418243229105788,1.1022181437235472,0.004288822983007213
CTC-SP2-1996,uniform,10,offline_greedy,Offline Greedy,offline,5,20905.0,0.0,0.5051857566051647,0.0026749645779085827,1.0,0.0,1.0,0.0
CTC-SP2-1996,uniform,10,offline_randomized,Offline Randomized,offline,5,18889.038,10.909766359661088,0.44682092631350967,0.005962658479036181,0.9035655584788328,0.0005218735402851295,1.1067269419076609,0.000639222762909167
CTC-SP2-1996,uniform,10,online_randomized,Online Randomized,online,5,391.798,0.9205200043453652,0.004168291246837832,7.76000988794803e-05,0.01874183209758431,4.403348502010838e-05,53.356883289650625,0.1253653282872673
CTC-SP2-1996,uniform,10,simple_online_greedy,Simple Online Greedy,online,5,2538.0,0.0,0.057577737330970206,0.0011165298026823676,0.12140636211432672,0.0,8.236800630417651,0.0
LANL-CM5-1994,exponential,2,offline_deterministic,Offline Deterministic,offline,5,56778.6,61.94220222110286,0.8170991781066247,0.008118024294174497,0.9602333840690005,0.0010475596519719601,1.0414147797774331,0.0011351838157144687
LANL-CM5-1994,exponential,2,offline_greedy,Offline Greedy,offline,5,59130.0,0.0,0.8180942246236715,0.0005432746965828585,1.0,0.0,1.0,0.0
LANL-CM5-1994,exponential,2,offline_randomized,Offline Randomized,offline,5,56821.93,48.44105998262151,0.791916712677895,0.0006510637828042609,0.960966176221884,0.0008192298322783798,1.0406201396078631,0.0008868119729151243
LANL-CM5-1994,exponential,2,online_randomized,Online Randomized,online,5,2997.9,3.3977435265186844,0.03597377583982652,0.00010067760529644758,0.05070015220700152,5.746226156804806e-05,19.723833018131113,0.02233143317741471
LANL-CM5-1994,exponential,2,simple_online_greedy,Simple Online Greedy,online,5,17653.0,0.0,0.24418460422046745,0.0034487915819629822,0.29854557754101135,0.0,3.3495723106554127,0.0
LANL-CM5-1994,exponential,3,offline_deterministic,Offline Deterministic,offline,5,55546.0,115.50205331508181,0.7103126832640139,0.007761579437207928,0.9393877896161001,0.001953357911636746,1.0645278896401957,0.0022131056058117948
LANL-CM5-1994,exponential,3,offline_greedy,Offline Greedy,offline,5,59130.0,0.0,0.7154274963356518,0.0021013088312568165,1.0,0.0,1.0,0.0
LANL-CM5-1994,exponential,3,offline_randomized,Offline Randomized,offline,5,55659.94,33.264995623146554,0.6772939211623922,0.0021301399092913532,0.9413147302553695,0.0005625739154937917,1.0623443357315001,0.0006347664657362176
LANL-CM5-1994,exponential,3,online_randomized,Online Randomized,online,5,2306.816,2.700774743957754,0.01961312130214308,9.748644093032484e-05,0.03901261626923727,4.567520284048229e-05,25.632770195128007,0.030016507819197232
LANL-CM5-1994,exponential,3,simple_online_greedy,Simple Online Greedy,online,5,17653.0,0.0,0.21521970682173414,0.0021849189420424893,0.29854557754101135,0.0,3.3495723106554127,0.0
LANL-CM5-1994,exponential,4,offline_deterministic,Offline Deterministic,offline,5,54991.8,111.19161364059791,0.6378771072304196,0.0016336530855654329,0.9300152207001522,0.0018804602340706507,1.0752557938853484,0.002172863920345565
LANL-CM5-1994,exponential,4,offline_greedy,Offline Greedy,offline,5,59130.0,0.0,0.6494081924589992,0.003176674288451957,1.0,0.0,1.0,0.0
LANL-CM5-1994,exponential,4,offline_randomized,Offline Randomized,offline,5,54950.352,36.40362795797038,0.628261853136412,0.0019571423361462964,0.9293142567224759,0.0006156541173341663,1.0760627527228128,0.0007132690070474667
LANL-CM5-1994,exponential,4,online_randomized,Online Randomized,online,5,1652.8419999999999,1.3196841707014073,0.015128815810723381,6.069001895405173e-05,0.027952680534415693,2.2318352286511146e-05,35.77476810257969,0.02857161746750408
LANL-CM5-1994,exponential,4,simple_online_greedy,Simple Online Greedy,online,5,17653.0,0.0,0.19349011871404626,0.0009437310724855986,0.29854557754101135,0.0,3.3495723106554127,0.0
LANL-CM5-1994,exponential,5,offline_deterministic,Offline Deterministic,offline,5,54696.0,222.58214267995533,0.5907232643231433,0.00856507733827746,0.9250126839167935,0.003764284503297055,1.081084867819141,0.004392203353689908
LANL-CM5-1994,exponential,5,offline_greedy,Offline Greedy,offline,5,59130.0,0.0,0.6002322384927116,0.0021913999227687764,1.0,0.0,1.0,0.0
LANL-CM5-1994,exponential,5,offline_randomized,Offline Randomized,offline,5,54663.274,71.56435908250538,0.5832462474158641,0.0028279769603299,0.9244592254354811,0.0012102885013107864,1.0817154031635245,0.0014154598472842827
LANL-CM5-1994,exponential,5,online_randomized,Online Randomized,online,5,1447.492,2.7112787046705153,0.012833297099122976,0.00015165338991690892,0.024479824116353795,4.5852844658726406e-05,40.850115970150775,0.07653579657609104
LANL-CM5-1994,exponential,5,simple_online_greedy,Simple Online Greedy,online,5,17653.0,0.0,0.1775040097680232,0.0032181298084061945,0.29854557754101135,0.0,3.3495723106554127,0.0
LANL-CM5-1994,exponential,6,offline_deterministic,Offline Deterministic,offline,5,54609.8,129.94282644301686,0.5535604118125512,0.0014292078663885298,0.9235548790799932,0.00219757866468827,1.0827790670974682,0.0025742541792680667
LANL-CM5-1994,exponential,6,offline_greedy,Offline Greedy,offline,5,59130.0,0.0,0.5622262673936274,0.002248703896698486,1.0,0.0,1.0,0.0
LANL-CM5-1994,exponential,6,offline_randomized,Offline Randomized,offline,5,54621.024,47.31146664809351,0.5105664144677912,0.0008276060945268504,0.9237446981227804,0.0008001262751242156,1.0825510365802822,0.0009368286151632442
LANL-CM5-1994,exponential,6,online_randomized,Online Randomized,online,5,1344.5900000000001,3.148055328611617,0.004270611406964273,8.443153242029483e-05,0.02273955690850668,5.323956246595081e-05,43.97648166718839,0.1029592834510882
LANL-CM5-1994,exponential,6,simple_online_greedy,Simple Online Greedy,online,5,17653.0,0.0,0.1662024279110608,0.005446131127281566,0.29854557754101135,0.0,3.3495723106554127,0.0
LANL-CM5-1994,exponential,7,offline_deterministic,Offline Deterministic,offline,5,54807.8,167.01155284590345,0.5333015596491019,0.007328432796425035,0.9269034331134788,0.002824480853135551,1.0788715050433764,0.00329891919789842
LANL-CM5-1994,exponential,7,offline_greedy,Offline Greedy,offline,5,59130.0,0.0,0.5421847062179853,0.007593416307431907,1.0,0.0,1.0,0.0
LANL-CM5-1994,exponential,7,offline_randomized,Offline Randomized,offline,5,54695.392,53.22022629946639,0.5052644912086044,0.0014313614214845637,0.9250024014882463,0.0009000545628186716,1.0810793397162652,0.0010515071949662774
LANL-CM5-1994,exponential,7,online_randomized,Online Randomized,online,5,1247.19,2.5536701525451333,0.004310674156329503,7.554343960623342e-05,0.02109233891425672,4.3187386310589513e-05,47.410785883108005,0.09704764051513866
LANL-CM5-1994,exponential,7,simple_online_greedy,Simple Online Greedy,online,5,17653.0,0.0,0.15635831249004503,0.00442704608382044,0.29854557754101135,0.0,3.3495723106554127,0.0
LANL-CM5-1994,exponential,8,offline_deterministic,Offline Deterministic,offline,5,55087.8,176.4907899693352,0.5178135819775217,0.009562677305931378,0.931638762049721,0.00298479265972155,1.0733888886631124,0.00344142094713863
LANL-CM5-1994,exponential,8,offline_greedy,Offline Greedy,offline,5,59130.0,0.0,0.5225688080260105,0.005607252116739897,1.0,0.0,1.0,0.0
LANL-CM5-1994,exponential,8,offline_randomized,Offline Randomized,offline,5,54832.03,68.06649384594525,0.5039367006715609,0.0050233420165190865,0.9273132081853542,0.0011511329924902077,1.078386023597415,0.0013375678786374297
LANL-CM5-1994,exponential,8,online_randomized,Online Randomized,online,5,827.342,1.9072260375739296,0.004836011699117448,0.000101289991923879,0.013991916117030273,3.2254795155993966e-05,71.4702355047015,0.16495756762395047
LANL-CM5-1994,exponential,8,simple_online_greedy,Simple Online Greedy,online,5,17653.0,0.0,0.15070814779054698,0.006335272582391038,0.29854557754101135,0.0,3.3495723106554127,0.0
LANL-CM5-1994,exponential,9,offline_deterministic,Offline Deterministic,offline,5,55347.8,108.85219586209548,0.5077451004386396,0.005182325894973713,0.936035853204803,0.0018408962601403045,1.068339447389594,0.0021004551154873495
LANL-CM5-1994,exponential,9,offline_greedy,Offline Greedy,offline,5,59130.0,0.0,0.5112734417085011,0.004377419777167668,1.0,0.0,1.0,0.0
LANL-CM5-1994,exponential,9,offline_randomized,Offline Randomized,offline,5,55158.826,46.06610837283186,0.5015863058062676,0.004267410856357126,0.932839945881955,0.000779064914135475,1.0719960376319444,0.0008946513211124098
LANL-CM5-1994,exponential,9,online_randomized,Online Randomized,online,5,773.4159999999999,1.3548492025314376,0.0040293078554002465,4.2220588577252805e-05,0.013079925587688144,2.2913059403542028e-05,76.45327892814296,0.13409926342988077
LANL-CM5-1994,exponential,9,simple_online_greedy,Simple Online Greedy,online,5,17653.0,0.0,0.14481355730911244,0.006462392840588638,0.29854557754101135,0.0,3.3495723106554127,0.0
LANL-CM5-1994,exponential,10,offline_deterministic,Offline Deterministic,offline,5,55466.2,207.44671851827397,0.49433457519846,0.00552871357613382,0.9380382208692711,0.0035083158890288255,1.0660701887845658,0.003992165822481986
LANL-CM5-1994,exponential,10,offline_greedy,Offline Greedy,offline,5,59130.0,0.0,0.4996638164294411,0.007784630977932993,1.0,0.0,1.0,0.0
LANL-CM5-1994,exponential,10,offline_randomized,Offline Randomized,offline,5,55403.782,51.63617243574889,0.4862818337016735,0.005621702907225709,0.9369826145780483,0.0008732652196135476,1.0672566261535907,0.0009942010610214103
LANL-CM5-1994,exponential,10,online_randomized,Online Randomized,online,5,750.152,1.577969208318079,0.003447857155890622,7.230725771195818e-05,0.01268648740064265,2.6686440188027835e-05,78.8243881436684,0.1658000786590675
LANL-CM5-1994,exponential,10,simple_online_greedy,Simple Online Greedy,online,5,17653.0,0.0,0.14055458286267156,0.003369651853586543,0.29854557754101135,0.0,3.3495723106554127,0.0
LANL-CM5-1994,uniform,2,offline_deterministic,Offline Deterministic,offline,5,56815.6,77.13191463979096,0.8248302516764855,0.0015049069999369092,0.9608591239641469,0.001304446383219848,1.0407372898991456,0.001414080808266737
LANL-CM5-1994,uniform,2,offline_greedy,Offline Greedy,offline,5,59130.0,0.0,0.8656541727968298,0.0008132537571239022,1.0,0.0,1.0,0.0
LANL-CM5-1994,uniform,2,offline_randomized,Offline Randomized,offline,5,56812.68,46.616608849637906,0.8156150101773886,0.0010858442015810313,0.9608097412480974,0.000788374917125587,1.0407895113221959,0.0008540418074512797
LANL-CM5-1994,uniform,2,online_randomized,Online Randomized,online,5,2915.46,2.6427313143790987,0.036778691769593516,5.6857267197309974e-05,0.04930593607305936,4.469357879890407e-05,20.281550971759128,0.018387235568377232
LANL-CM5-1994,uniform,2,simple_online_greedy,Simple Online Greedy,online,5,17653.0,0.0,0.25690247477344724,0.0007897848700297071,0.29854557754101135,0.0,3.3495723106554127,0.0
LANL-CM5-1994,uniform,3,offline_deterministic,Offline Deterministic,offline,5,55616.8,52.85971380928958,0.7477926247147146,0.0019402691924958254,0.9405851513614071,0.0008939576155807359,1.0631689649300082,0.001011799865416915
LANL-CM5-1994,uniform,3,offline_greedy,Offline Greedy,offline,5,59130.0,0.0,0.7994359156241765,0.0020934744219480053,1.0,0.0,1.0,0.0
LANL-CM5-1994,uniform,3,offline_randomized,Offline Randomized,offline,5,55600.144,21.878728241138994,0.7312334925112378,0.001071143948950236,0.9403034669372569,0.0003700106247444532,1.063486625697102,0.00041837041331538484
LANL-CM5-1994,uniform,3,online_randomized,Online Randomized,online,5,2144.552,2.927556412846711,0.020887882299158642,2.7926619024804614e-05,0.0362684255031287,4.951050926512109e-05,27.57224568130284,0.03760180744588204
LANL-CM5-1994,uniform,3,simple_online_greedy,Simple Online Greedy,online,5,17653.0,0.0,0.23635639624371876,0.0018649963210009028,0.29854557754101135,0.0,3.3495723106554127,0.0
LANL-CM5-1994,uniform,4,offline_deterministic,Offline Deterministic,offline,5,54900.6,65.89390575766471,0.7008944609122071,0.0017639796749189713,0.9284728564180619,0.0011143904237724382,1.077039024785794,0.001292567276628114
LANL-CM5-1994,uniform,4,offline_greedy,Offline Greedy,offline,5,59130.0,0.0,0.7556101466809522,0.0008267439001469561,1.0,0.0,1.0,0.0
LANL-CM5-1994,uniform,4,offline_randomized,Offline Randomized,offline,5,54887.310000000005,51.93807324728262,0.6923492852151149,0.0014388389098089806,0.928248097412481,0.0008783709326447197,1.0772992001483226,0.0010200016809927307
LANL-CM5-1994,uniform,4,online_randomized,Online Randomized,online,5,1564.478,1.550958291637812,0.015719854473781134,2.923941808965499e-05,0.026458278369693895,2.6229634561775934e-05,37.795392802946054,0.03748917416456053
LANL-CM5-1994,uniform,4,simple_online_greedy,Simple Online Greedy,online,5,17653.0,0.0,0.22203002879123077,0.0018540814192238634,0.29854557754101135,0.0,3.3495723106554127,0.0
LANL-CM5-1994,uniform,5,offline_deterministic,Offline Deterministic,offline,5,54492.6,76.7799823912457,0.6650449165783968,0.0012111994006314894,0.9215728056823947,0.00129849454407653,1.0851037078608519,0.001529924203085284
LANL-CM5-1994,uniform,5,offline_greedy,Offline Greedy,offline,5,59130.0,0.0,0.7259506897902693,0.0006549615836269303,1.0,0.0,1.0,0.0
LANL-CM5-1994,uniform,5,offline_randomized,Offline Randomized,offline,5,54430.328,43.15299484548563,0.6642214099852601,0.0012740576290420325,0.9205196685269745,0.0007297986613476517,1.0863436044488373,0.0008615370445602064
LANL-CM5-1994,uniform,5,online_randomized,Online Randomized,online,5,1340.666,0.9001842798005116,0.01358110832079054,6.149011407516224e-05,0.022673194655843058,1.522381667174845e-05,44.10496555413018,0.029605846252607107
LANL-CM5-1994,uniform,5,simple_online_greedy,Simple Online Greedy,online,5,17653.0,0.0,0.213274015537606,0.001257815440022434,0.29854557754101135,0.0,3.3495723106554127,0.0
LANL-CM5-1994,uniform,6,offline_deterministic,Offline Deterministic,offline,5,54262.0,79.52867558308763,0.6416996410614806,0.003508837359864337,0.9176729240656182,0.0013449801383914686,1.0897153153183465,0.0015993634912592695
LANL-CM5-1994,uniform,6,offline_greedy,Offline Greedy,offline,5,59130.0,0.0,0.7015150993927094,0.002064761990400641,1.0,0.0,1.0,0.0
LANL-CM5-1994,uniform,6,offline_randomized,Offline Randomized,offline,5,54115.834,41.74350675726191,0.6153151750646043,0.003622538097576551,0.9152009808895654,0.0007059615551710084,1.0926568486654653,0.0008430137945163672
LANL-CM5-1994,uniform,6,online_randomized,Online Randomized,online,5,1136.782,1.9601117168161346,0.005123697931956094,3.24156526284864e-05,0.0192251310671402,3.3149191896096267e-05,52.01541087589364,0.08957008584608213
LANL-CM5-1994,uniform,6,simple_online_greedy,Simple Online Greedy,online,5,17653.0,0.0,0.20608299618406048,0.0027436559933189087,0.29854557754101135,0.0,3.3495723106554127,0.0
LANL-CM5-1994,uniform,7,offline_deterministic,Offline Deterministic,offline,5,54140.8,179.23597201454845,0.6239948212333704,0.0022337477411814707,0.9156232031117876,0.0030312188739142223,1.0921647730858923,0.003614434517649093
LANL-CM5-1994,uniform,7,offline_greedy,Offline Greedy,offline,5,59130.0,0.0,0.6833304620997939,0.001512903705738656,1.0,0.0,1.0,0.0
LANL-CM5-1994,uniform,7,offline_randomized,Offline Randomized,offline,5,53961.11,48.613598717888046,0.6016251762151406,0.0028774254209137764,0.9125843057669542,0.0008221477882274272,1.0957900973624626,0.0009874080999456923
LANL-CM5-1994,uniform,7,online_randomized,Online Randomized,online,5,991.718,1.2960536124713282,0.005031400995695197,2.052632679736695e-05,0.01677182479282936,2.191871490734491e-05,59.62391040812335,0.07794197555156936
LANL-CM5-1994,uniform,7,simple_online_greedy,Simple Online Greedy,online,5,17653.0,0.0,0.1999425086986947,0.0020816655293073695,0.29854557754101135,0.0,3.3495723106554127,0.0
LANL-CM5-1994,uniform,8,offline_deterministic,Offline Deterministic,offline,5,53942.8,113.82758006739843,0.6076734308358759,0.0033380409518538284,0.912274649078302,0.0019250394058413151,1.0961662070679026,0.002315835945152667
LANL-CM5-1994,uniform,8,offline_greedy,Offline Greedy,offline,5,59130.0,0.0,0.6674371001285828,0.0017450864274404492,1.0,0.0,1.0,0.0
LANL-CM5-1994,uniform,8,offline_randomized,Offline Randomized,offline,5,53824.31,51.02708546628967,0.5936667925870124,0.001406826948027781,0.9102707593438187,0.0008629644083593587,1.098575259670267,0.0010414777877451615
LANL-CM5-1994,uniform,8,online_randomized,Online Randomized,online,5,819.366,2.1347504457430193,0.005385367505466553,4.4703197835081584e-05,0.013857026889903602,3.610266270493876e-05,72.16606314017987,0.18827452424097474
LANL-CM5-1994,uniform,8,simple_online_greedy,Simple Online Greedy,online,5,17653.0,0.0,0.19582740787314115,0.001563031553193958,0.29854557754101135,0.0,3.3495723106554127,0.0
LANL-CM5-1994,uniform,9,offline_deterministic,Offline Deterministic,offline,5,53896.6,183.4675167325268,0.5955404091582491,0.0029020480596793877,0.9114933198038221,0.0031027822887287003,1.0971139980706643,0.003739212864028707
LANL-CM5-1994,uniform,9,offline_greedy,Offline Greedy,offline,5,59130.0,0.0,0.6539844402466325,0.0020379647303784064,1.0,0.0,1.0,0.0
LANL-CM5-1994,uniform,9,offline_randomized,Offline Randomized,offline,5,53776.122,34.188374106389325,0.5849610572917118,0.0025421782938577007,0.9094558092338915,0.000578189989960919,1.0995591108185923,0.0006991841164846258
LANL-CM5-1994,uniform,9,online_randomized,Online Randomized,online,5,751.934,2.0533617064706324,0.004558708362963172,1.3918041086081148e-05,0.012716624386944021,3.472622537579301e-05,78.63783178413875,0.21487339921479126
LANL-CM5-1994,uniform,9,simple_online_greedy,Simple Online Greedy,online,5,17653.0,0.0,0.19049581068607033,0.0014366168471206726,0.29854557754101135,0.0,3.3495723106554127,0.0
LANL-CM5-1994,uniform,10,offline_deterministic,Offline Deterministic,offline,5,53887.4,115.87661893583191,0.5857185208607497,0.0017271531685672168,0.9113377304244884,0.0019596925238598286,1.0972933361718502,0.0023614869883756993
LANL-CM5-1994,uniform,10,offline_greedy,Offline Greedy,offline,5,59130.0,0.0,0.6423204367024693,0.0032157295321308516,1.0,0.0,1.0,0.0
LANL-CM5-1994,uniform,10,offline_randomized,Offline Randomized,offline,5,53738.724,19.67053754083936,0.5755546299004881,0.002708221689525092,0.9088233384069,0.00033266594860205,1.1003240093303182,0.0004027015389933604
LANL-CM5-1994,uniform,10,online_randomized,Online Randomized,online,5,699.628,1.2229426243287143,0.003904359362175428,4.770932148702481e-05,0.011832031117875867,2.0682269986955972e-05,84.51661199136157,0.14780828691646894
LANL-CM5-1994,uniform,10,simple_online_greedy,Simple Online Greedy,online,5,17653.0,0.0,0.18674415526964483,0.0022781495362022798,0.29854557754101135,0.0,3.3495723106554127,0.0
NASA-iPSC-1993,exponential,2,offline_deterministic,Offline Deterministic,offline,5,11080.0,12.534809132970473,0.8381323771543081,0.001654333567681627,0.9797506410823238,0.001108392354140105,1.0206692299106637,0.0011544448597737512
NASA-iPSC-1993,exponential,2,offline_greedy,Offline Greedy,offline,5,11309.0,0.0,0.8405412320154093,0.004195384271293709,1.0,0.0,1.0,0.0
NASA-iPSC-1993,exponential,2,offline_randomized,Offline Randomized,offline,5,11083.9,10.98942304218029,0.8227459917273906,0.0016765873749294733,0.9800954991599611,0.0009717413601715814,1.0203097810642463,0.001012217193826586
NASA-iPSC-1993,exponential,2,online_randomized,Online Randomized,online,5,515.5500000000001,1.340975221247567,0.03506379802741138,0.00030664753711626125,0.04558758510920506,0.00011857593255350352,21.93595112470043,0.05701084556466194
NASA-iPSC-1993,exponential,2,simple_online_greedy,Simple Online Greedy,online,5,4970.0,0.0,0.37142762907479165,0.004927667302690391,0.4394729861172518,0.0,2.275452716297787,0.0
NASA-iPSC-1993,exponential,3,offline_deterministic,Offline Deterministic,offline,5,10981.6,29.009324294095507,0.7611555152038871,0.008060892583045952,0.9710496065080909,0.0025651537973379944,1.0298209819321673,0.0027179000721847847
NASA-iPSC-1993,exponential,3,offline_greedy,Offline Greedy,offline,5,11309.0,0.0,0.7620633567151395,0.010729206302224209,1.0,0.0,1.0,0.0
NASA-iPSC-1993,exponential,3,offline_randomized,Offline Randomized,offline,5,10997.614,12.532724319700073,0.7375101641307061,0.009419396867470883,0.9724656468299585,0.0011082080042178616,1.0283153499442137,0.001171614432868469
NASA-iPSC-1993,exponential,3,online_randomized,Online Randomized,online,5,396.01,1.4164305842504312,0.02251545023583671,0.00026264126812621273,0.03501724290388186,0.0001252480842028849,28.55773973334868,0.10205425023501521
NASA-iPSC-1993,exponential,3,simple_online_greedy,Simple Online Greedy,online,5,4970.0,0.0,0.33291787716744076,0.0055310517360716484,0.4394729861172518,0.0,2.275452716297787,0.0
NASA-iPSC-1993,exponential,4,offline_deterministic,Offline Deterministic,offline,5,10959.6,10.565836266003744,0.7118893847881823,0.013108970443227452,0.9691042532496242,0.0009342856367498178,1.031881724347481,0.000994970206586318
NASA-iPSC-1993,exponential,4,offline_greedy,Offline Greedy,offline,5,11309.0,0.0,0.7116581912882444,0.0150935697518643,1.0,0.0,1.0,0.0
NASA-iPSC-1993,exponential,4,offline_randomized,Offline Randomized,offline,5,10947.272,10.454371387625507,0.7045305733060158,0.011120922985445602,0.968014148023698,0.0009244293383699442,1.033043734945598,0.0009879573865861314
NASA-iPSC-1993,exponential,4,online_randomized,Online Randomized,online,5,271.272,1.1326765215188317,0.013281991584687292,6.165827708672307e-05,0.023987266778671853,0.0001001570891784267,41.689538349245105,0.17335212892411553
NASA-iPSC-1993,exponential,4,simple_online_greedy,Simple Online Greedy,online,5,4970.0,0.0,0.3095081478458599,0.0061713043261034705,0.4394729861172518,0.0,2.275452716297787,0.0
NASA-iPSC-1993,exponential,5,offline_deterministic,Offline Deterministic,offline,5,10902.4,40.371242438151434,0.6792307014233385,0.011695491592961075,0.9640463347776107,0.003569833092063985,1.0373093638561204,0.0038445711997016855
NASA-iPSC-1993,exponential,5,offline_greedy,Offline Greedy,offline,5,11309.0,0.0,0.6813148276760641,0.01617046876764199,1.0,0.0,1.0,0.0
NASA-iPSC-1993,exponential,5,offline_randomized,Offline Randomized,offline,5,10926.394,13.467823919015295,0.6755058238555421,0.011007194546507686,0.966168007781413,0.00119089432478692,1.035018313229889,0.0012755756622889153
NASA-iPSC-1993,exponential,5,online_randomized,Online Randomized,online,5,237.746,0.9060331879131118,0.010285344271448161,0.00011264487094941708,0.021022725263064816,8.011611883571551e-05,47.56828966584709,0.18083254204450736
NASA-iPSC-1993,exponential,5,simple_online_greedy,Simple Online Greedy,online,5,4970.0,0.0,0.29613907740043866,0.006678137073007824,0.4394729861172518,0.0,2.275452716297787,0.0
NASA-iPSC-1993,exponential,6,offline_deterministic,Offline Deterministic,offline,5,10922.4,8.887254694223634,0.6705063112899903,0.009158947059937677,0.9658148377398532,0.0007858568126468806,1.0353958652179927,0.0008427178017522198
NASA-iPSC-1993,exponential,6,offline_greedy,Offline Greedy,offline,5,11309.0,0.0,0.6612578268107591,0.01732403399878222,1.0,0.0,1.0,0.0
NASA-iPSC-1993,exponential,6,offline_randomized,Offline Randomized,offline,5,10926.7,12.144454818887137,0.6247852856236116,0.013995393430386974,0.9661950658767353,0.0010738752161010565,1.0349890236713382,0.0011518164471127502
NASA-iPSC-1993,exponential,6,online_randomized,Online Randomized,online,5,218.698,1.046562918509918,0.003983374486676863,0.0002279361962577881,0.019338403041825096,9.254248107789555e-05,51.71181055731511,0.2473552341393808
NASA-iPSC-1993,exponential,6,simple_online_greedy,Simple Online Greedy,online,5,4970.0,0.0,0.28285785677951236,0.007409642453716817,0.4394729861172518,0.0,2.275452716297787,0.0
NASA-iPSC-1993,exponential,7,offline_deterministic,Offline Deterministic,offline,5,10946.0,39.904175220144566,0.640268526967798,0.022089589916477578,0.9679016712352994,0.003528532604133383,1.0331770978811636,0.003766927288092676
NASA-iPSC-1993,exponential,7,offline_greedy,Offline Greedy,offline,5,11309.0,0.0,0.648250595995485,0.020785473264385856,1.0,0.0,1.0,0.0
NASA-iPSC-1993,exponential,7,offline_randomized,Offline Randomized,offline,5,10936.834,3.0767730149622174,0.6174851564395729,0.01761003430573062,0.9670911663277036,0.0002720641095554238,1.0340287629735287,0.0002908777915812558
NASA-iPSC-1993,exponential,7,online_randomized,Online Randomized,online,5,206.298,0.6245422438874692,0.0033335218684457336,8.586675607439716e-05,0.01824193120523477,5.5225240418027406e-05,54.81928092932374,0.1661056183060676
NASA-iPSC-1993,exponential,7,simple_online_greedy,Simple Online Greedy,online,5,4970.0,0.0,0.27600778815670635,0.006047925822809241,0.4394729861172518,0.0,2.275452716297787,0.0
NASA-iPSC-1993,exponential,8,offline_deterministic,Offline Deterministic,offline,5,10986.6,33.838251964308085,0.6253670203353862,0.021302692903278846,0.9714917322486515,0.002992152441799286,1.029354998832355,0.0031683021471037003
NASA-iPSC-1993,exponential,8,offline_greedy,Offline Greedy,offline,5,11309.0,0.0,0.6264422862910488,0.024874254013191665,1.0,0.0,1.0,0.0
NASA-iPSC-1993,exponential,8,offline_randomized,Offline Randomized,offline,5,10961.48,9.862838019961643,0.6128002530744935,0.021260090182500056,0.969270492528075,0.0008721229127209965,1.0317046179151705,0.0009284947669789739
NASA-iPSC-1993,exponential,8,online_randomized,Online Randomized,online,5,132.458,0.691171705439389,0.00446318537250672,5.2688113933962485e-05,0.0117126182686356,6.111696042438694e-05,85.38041554035001,0.4433749913027473
NASA-iPSC-1993,exponential,8,simple_online_greedy,Simple Online Greedy,online,5,4970.0,0.0,0.267048367349324,0.009972095911593664,0.4394729861172518,0.0,2.275452716297787,0.0
NASA-iPSC-1993,exponential,9,offline_deterministic,Offline Deterministic,offline,5,11007.0,18.992794423149007,0.6224649754327968,0.011992085755529224,0.9732956052701388,0.0016794406599300404,1.0274402694518445,0.0017721485034531107
NASA-iPSC-1993,exponential,9,offline_greedy,Offline Greedy,offline,5,11309.0,0.0,0.616576463181846,0.02226910419725399,1.0,0.0,1.0,0.0
NASA-iPSC-1993,exponential,9,offline_randomized,Offline Randomized,offline,5,10985.268,15.668326794855838,0.6100336251675648,0.02152298392525485,0.9713739499513662,0.0013854741175042574,1.0294718320732852,0.0014694890594288109
NASA-iPSC-1993,exponential,9,online_randomized,Online Randomized,online,5,124.55799999999999,0.9314311001893824,0.0029182170582976496,0.00011350707057183281,0.011014059598549827,8.236193299048404e-05,90.79830942580034,0.6762311631981596
NASA-iPSC-1993,exponential,9,simple_online_greedy,Simple Online Greedy,online,5,4970.0,0.0,0.2504497724814165,0.02043219304808824,0.4394729861172518,0.0,2.275452716297787,0.0
NASA-iPSC-1993,exponential,10,offline_deterministic,Offline Deterministic,offline,5,11047.4,30.152165030060445,0.6026235893174933,0.03353564371323843,0.9768679812538686,0.0026662096586842765,1.0236876924258635,0.0027842734995382075
NASA-iPSC-1993,exponential,10,offline_greedy,Offline Greedy,offline,5,11309.0,0.0,0.6065062628005794,0.03028812366520436,1.0,0.0,1.0,0.0
NASA-iPSC-1993,exponential,10,offline_randomized,Offline Randomized,offline,5,11007.856,9.444041106729552,0.6021284345301213,0.01972494696038512,0.9733712971969228,0.0008350907336395594,1.0273579769913608,0.0008818044650494513
NASA-iPSC-1993,exponential,10,online_randomized,Online Randomized,online,5,119.924,1.0237993912871772,0.0022985100227820403,0.0001532381511060178,0.010604297462198249,9.052961281167036e-05,94.30850824424701,0.8006995898638285
NASA-iPSC-1993,exponential,10,simple_online_greedy,Simple Online Greedy,online,5,4970.0,0.0,0.22953102058747704,0.03046450007893581,0.4394729861172518,0.0,2.275452716297787,0.0
NASA-iPSC-1993,uniform,2,offline_deterministic,Offline Deterministic,offline,5,11084.2,9.509535425035232,0.8610118433883285,0.002855603215169922,0.9801220267043947,0.0008408820784361928,1.0202819021781722,0.0008746152232677209
NASA-iPSC-1993,uniform,2,offline_greedy,Offline Greedy,offline,5,11309.0,0.0,0.8768718943435777,0.002216783948858894,1.0,0.0,1.0,0.0
NASA-iPSC-1993,uniform,2,offline_randomized,Offline Randomized,offline,5,11084.07,12.330588835899059,0.848469870622489,0.0014091457246507976,0.9801105314351402,0.0010903341441240585,1.0202944006824815,0.0011338702884044942
NASA-iPSC-1993,uniform,2,online_randomized,Online Randomized,online,5,507.26,1.0001955088881442,0.035957663897182586,0.0001480455296312571,0.044854540631355556,8.844243601451425e-05,22.294377363723,0.04403686848588532
NASA-iPSC-1993,uniform,2,simple_online_greedy,Simple Online Greedy,online,5,4970.0,0.0,0.3816819385468567,0.004713598722846508,0.4394729861172518,0.0,2.275452716297787,0.0
NASA-iPSC-1993,uniform,3,offline_deterministic,Offline Deterministic,offline,5,10984.0,23.97297144702759,0.7963770292629512,0.0030281511037707595,0.97126182686356,0.0021198135508911104,1.0295935942016097,0.002245016705123957
NASA-iPSC-1993,uniform,3,offline_greedy,Offline Greedy,offline,5,11309.0,0.0,0.8203365641850876,0.00403075029503438,1.0,0.0,1.0,0.0
NASA-iPSC-1993,uniform,3,offline_randomized,Offline Randomized,offline,5,10978.006,12.85789071012858,0.7829008401248442,0.0037024046622230185,0.970731806525776,0.0011369608904526025,1.0301521197314076,0.0012063982342104358
NASA-iPSC-1993,uniform,3,online_randomized,Online Randomized,online,5,378.742,0.99129119354506,0.023765342727268282,0.00010526155617577149,0.033490317446281725,8.765507061146416e-05,29.85958954830664,0.07815111582580356
NASA-iPSC-1993,uniform,3,simple_online_greedy,Simple Online Greedy,online,5,4970.0,0.0,0.3519977867040181,0.005602614705811801,0.4394729861172518,0.0,2.275452716297787,0.0
NASA-iPSC-1993,uniform,4,offline_deterministic,Offline Deterministic,offline,5,10950.4,25.028210003913582,0.7630152904790738,0.0028253464339673038,0.9682907418869926,0.002213123176577382,1.032753277754297,0.0023596470068152397
NASA-iPSC-1993,uniform,4,offline_greedy,Offline Greedy,offline,5,11309.0,0.0,0.7877192158516151,0.003812929103642844,1.0,0.0,1.0,0.0
NASA-iPSC-1993,uniform,4,offline_randomized,Offline Randomized,offline,5,10929.696,9.246626089639273,0.7557361275927867,0.003433755186613566,0.9664599876204792,0.0008176342815137879,1.034704755535665,0.0008753487255581099
NASA-iPSC-1993,uniform,4,online_randomized,Online Randomized,online,5,264.988,0.747538963800558,0.013683582894985549,9.56648444627046e-05,0.023431603147935274,6.610124359364726e-05,42.677757296226446,0.12018917573896455
NASA-iPSC-1993,uniform,4,simple_online_greedy,Simple Online Greedy,online,5,4970.0,0.0,0.3419058392840763,0.002200374674953796,0.4394729861172518,0.0,2.275452716297787,0.0
NASA-iPSC-1993,uniform,5,offline_deterministic,Offline Deterministic,offline,5,10925.2,54.16625872256639,0.7384293003256466,0.005737233968974131,0.9660624281545671,0.004789659450222495,1.0351562492743418,0.0051251296652890625
NASA-iPSC-1993,uniform,5,offline_greedy,Offline Greedy,offline,5,11309.0,0.0,0.7623586330480672,0.0016409608634357256,1.0,0.0,1.0,0.0
NASA-iPSC-1993,uniform,5,offline_randomized,Offline Randomized,offline,5,10896.622,13.997650367629598,0.7363733228123542,0.002629024939004453,0.9635354142718189,0.0012377443069793526,1.0378463551198687,0.0013328352893040862
NASA-iPSC-1993,uniform,5,online_randomized,Online Randomized,online,5,237.974,0.9153346893896281,0.010344044917925399,5.1378450562266365e-05,0.02104288619683438,8.093860548144173e-05,47.52273004817059,0.18273539419478688
NASA-iPSC-1993,uniform,5,simple_online_greedy,Simple Online Greedy,online,5,4970.0,0.0,0.32874052625152284,0.0035108614717203877,0.4394729861172518,0.0,2.275452716297787,0.0
NASA-iPSC-1993,uniform,6,offline_deterministic,Offline Deterministic,offline,5,10900.6,15.857841467236325,0.7172425175583156,0.002676590947035048,0.963887169511009,0.0014022319804789362,1.0374681123060405,0.001508325050007724
NASA-iPSC-1993,uniform,6,offline_greedy,Offline Greedy,offline,5,11309.0,0.0,0.746796438864502,0.0037747566504338285,1.0,0.0,1.0,0.0
NASA-iPSC-1993,uniform,6,offline_randomized,Offline Randomized,offline,5,10881.724,10.168045904381241,0.704329339211454,0.004847503191660495,0.9622180564152445,0.0008991109651057782,1.039266413442722,0.0009703657051550386
NASA-iPSC-1993,uniform,6,online_randomized,Online Randomized,online,5,195.556,0.8103503795272734,0.004274932329338639,9.150675287095872e-05,0.017292068264214342,7.165535233241446e-05,57.8310186742843,0.24022149142664717
NASA-iPSC-1993,uniform,6,simple_online_greedy,Simple Online Greedy,online,5,4970.0,0.0,0.31809694686521434,0.005057926858654772,0.4394729861172518,0.0,2.275452716297787,0.0
NASA-iPSC-1993,uniform,7,offline_deterministic,Offline Deterministic,offline,5,10889.4,36.31346328842788,0.7021578649327436,0.0064467032776450925,0.9628968078521531,0.003211023369743388,1.0385448825134778,0.0034552082260791666
NASA-iPSC-1993,uniform,7,offline_greedy,Offline Greedy,offline,5,11309.0,0.0,0.7325116792038066,0.006136678640247944,1.0,0.0,1.0,0.0
NASA-iPSC-1993,uniform,7,offline_randomized,Offline Randomized,offline,5,10874.104,15.71937791420516,0.6977167057361434,0.0026178185629335948,0.9615442567866301,0.0013899883202940439,1.0399959924926123,0.001501873776181118
NASA-iPSC-1993,uniform,7,online_randomized,Online Randomized,online,5,177.82,1.0177100648023516,0.0036648229079825393,0.00011144659071338995,0.015723759837297728,8.999116321534585e-05,63.60018118306643,0.36258771069710805
NASA-iPSC-1993,uniform,7,simple_online_greedy,Simple Online Greedy,online,5,4970.0,0.0,0.3132408128062975,0.003999067975414892,0.4394729861172518,0.0,2.275452716297787,0.0
NASA-iPSC-1993,uniform,8,offline_deterministic,Offline Deterministic,offline,5,10874.2,62.74571972652796,0.6902799298237658,0.0077159297704219795,0.9615527456008489,0.005548299560220005,1.0400207474733005,0.006024787744620106
NASA-iPSC-1993,uniform,8,offline_greedy,Offline Greedy,offline,5,11309.0,0.0,0.7222996098378479,0.005667166650602827,1.0,0.0,1.0,0.0
NASA-iPSC-1993,uniform,8,offline_randomized,Offline Randomized,offline,5,10868.318,11.193050855169384,0.6874140489065977,0.0021223000021226837,0.9610326288796534,0.000989747179694886,1.0405485455099597,0.0010714287837496684
NASA-iPSC-1993,uniform,8,online_randomized,Online Randomized,online,5,136.75,0.480139996251093,0.004437367229847752,0.00010885478854029962,0.012092139004332833,4.245645028305736e-05,82.6994166153202,0.2904813014871915
NASA-iPSC-1993,uniform,8,simple_online_greedy,Simple Online Greedy,online,5,4970.0,0.0,0.3089531002559546,0.0050782118755186584,0.4394729861172518,0.0,2.275452716297787,0.0
NASA-iPSC-1993,uniform,9,offline_deterministic,Offline Deterministic,offline,5,10903.0,42.654211515394344,0.6831271853482145,0.003468297697304574,0.964099389866478,0.003771704970854564,1.0372539607070617,0.004051399758147419
NASA-iPSC-1993,uniform,9,offline_greedy,Offline Greedy,offline,5,11309.0,0.0,0.707937270106752,0.006468210410576268,1.0,0.0,1.0,0.0
NASA-iPSC-1993,uniform,9,offline_randomized,Offline Randomized,offline,5,10860.608,15.943208423601398,0.6781955289971188,0.005952481655843441,0.9603508709877089,0.001409780566239382,1.0412884221209149,0.0015281150807562865
NASA-iPSC-1993,uniform,9,online_randomized,Online Randomized,online,5,127.084,0.8720039779725736,0.003187463390515162,9.61562975216138e-05,0.01123742152268105,7.710708090658523e-05,88.99274805352908,0.6106047322306832
NASA-iPSC-1993,uniform,9,simple_online_greedy,Simple Online Greedy,online,5,4970.0,0.0,0.3035192481945651,0.0025435454169693656,0.4394729861172518,0.0,2.275452716297787,0.0
NASA-iPSC-1993,uniform,10,offline_deterministic,Offline Deterministic,offline,5,10899.2,25.164446030063925,0.6735057820499233,0.006689349365844497,0.9637633743036519,0.0022251698673679417,1.0376048633055235,0.0024015779221820527
NASA-iPSC-1993,uniform,10,offline_greedy,Offline Greedy,offline,5,11309.0,0.0,0.7056109924171353,0.003342957407696296,1.0,0.0,1.0,0.0
NASA-iPSC-1993,uniform,10,offline_randomized,Offline Randomized,offline,5,10867.198,8.849562572150035,0.6722900603377711,0.00354788928130138,0.9609335927137679,0.0007825238811698581,1.0406553563319818,0.0008472579968419071
NASA-iPSC-1993,uniform,10,online_randomized,Online Randomized,online,5,121.406,0.6041952346717074,0.0023669294032566185,9.094413501606307e-05,0.010735343531700416,5.342605311448485e-05,93.1526682113011,0.46548376281524595
NASA-iPSC-1993,uniform,10,simple_online_greedy,Simple Online Greedy,online,5,4970.0,0.0,0.3015347722536021,0.0024374480016034106,0.4394729861172518,0.0,2.275452716297787,0.0
SDSC-SP2-1998,exponential,2,offline_deterministic,Offline Deterministic,offline,5,24857.4,20.55291551094394,0.8258261667750084,0.002044564606093792,0.9756034381255152,0.0008066609957590079,1.0250073674173228,0.0008474078473156852
SDSC-SP2-1998,exponential,2,offline_greedy,Offline Greedy,offline,5,25479.0,0.0,0.8237681073856826,0.002992436453435434,1.0,0.0,1.0,0.0
SDSC-SP2-1998,exponential,2,offline_randomized,Offline Randomized,offline,5,24880.05,23.40803391145797,0.8075090596716604,0.0022709082168705656,0.9764924055104204,0.000918718706050368,1.0240744479811983,0.0009629219545184549
SDSC-SP2-1998,exponential,2,online_randomized,Online Randomized,online,5,1053.76,0.9847902923972808,0.02812527865257409,0.00010107036910924953,0.04135798108246006,3.8651057435428815e-05,24.179151956629465,0.02259207413094099
SDSC-SP2-1998,exponential,2,simple_online_greedy,Simple Online Greedy,online,5,6807.0,0.0,0.21788863179981874,0.00244507864190554,0.26716119156952783,0.0,3.7430586161304538,0.0
SDSC-SP2-1998,exponential,3,offline_deterministic,Offline Deterministic,offline,5,24553.2,42.139544183581286,0.7351495825452289,0.009344223626123247,0.9636641940421523,0.001653893174126985,1.037709064148069,0.0017821138963594909
SDSC-SP2-1998,exponential,3,offline_greedy,Offline Greedy,offline,5,25479.0,0.0,0.7261253164957452,0.0035824804475089117,1.0,0.0,1.0,0.0
SDSC-SP2-1998,exponential,3,offline_randomized,Offline Randomized,offline,5,24585.516,13.123529190335525,0.7009364563951253,0.0028590013525834797,0.9649325326739668,0.0005150723807973219,1.0363421927474856,0.000553345275040697
SDSC-SP2-1998,exponential,3,online_randomized,Online Randomized,online,5,865.1659999999999,0.8287254561071374,0.02294406356876651,4.422864578050403e-05,0.033956042230856784,3.2525823466664436e-05,29.449867804865715,0.028194901243815594
SDSC-SP2-1998,exponential,3,simple_online_greedy,Simple Online Greedy,online,5,6807.0,0.0,0.19136629367627758,0.0014704394989769741,0.26716119156952783,0.0,3.7430586161304538,0.0
SDSC-SP2-1998,exponential,4,offline_deterministic,Offline Deterministic,offline,5,24343.4,29.534280014925024,0.6625695893828069,0.005841686048729198,0.9554299619294321,0.0011591616631313971,1.0466507991740108,0.0012703090206432578
SDSC-SP2-1998,exponential,4,offline_greedy,Offline Greedy,offline,5,25479.0,0.0,0.6599408998867179,0.005684365052893779,1.0,0.0,1.0,0.0
SDSC-SP2-1998,exponential,4,offline_randomized,Offline Randomized,offline,5,24362.148,17.75312821399131,0.6528330548493134,0.0026280953608735975,0.956165783586483,0.0006967749210719305,1.0458443188241424,0.0007617014163470167
SDSC-SP2-1998,exponential,4,online_randomized,Online Randomized,online,5,594.454,1.4625540487790507,0.01166894861283756,6.716167171312202e-05,0.023331135444876173,5.7402333246165286e-05,42.86145023088484,0.10541764220640139
SDSC-SP2-1998,exponential,4,simple_online_greedy,Simple Online Greedy,online,5,6807.0,0.0,0.1729594233920473,0.003679062454437826,0.26716119156952783,0.0,3.7430586161304538,0.0
SDSC-SP2-1998,exponential,5,offline_deterministic,Offline Deterministic,offline,5,24210.8,75.09230415961412,0.6208378874046644,0.012031230494504136,0.9502256760469406,0.0029472233666789885,1.052392125605343,0.0032648812624441526
SDSC-SP2-1998,exponential,5,offline_greedy,Offline Greedy,offline,5,25479.0,0.0,0.6089391713417359,0.01074135664792547,1.0,0.0,1.0,0.0
SDSC-SP2-1998,exponential,5,offline_randomized,Offline Randomized,offline,5,24215.994,29.685774364324846,0.6068605389554053,0.009050009148993586,0.9504295302013422,0.0011651075145933834,1.052157506296924,0.001289544000759087
SDSC-SP2-1998,exponential,5,online_randomized,Online Randomized,online,5,520.61,1.9166855934137768,0.010810842759477437,4.2393699732975534e-05,0.02043290553004435,7.522609181733107e-05,48.94135920966837,0.18089733372980593
SDSC-SP2-1998,exponential,5,simple_online_greedy,Simple Online Greedy,online,5,6807.0,0.0,0.15748613333553713,0.005517623870966158,0.26716119156952783,0.0,3.7430586161304538,0.0
SDSC-SP2-1998,exponential,6,offline_deterministic,Offline Deterministic,offline,5,24167.6,89.38244713588904,0.5784820920297983,0.007421788582051824,0.9485301620942737,0.0035080830148706346,1.0542777051936694,0.0038882374397569276
SDSC-SP2-1998,exponential,6,offline_greedy,Offline Greedy,offline,5,25479.0,0.0,0.5592375969453882,0.006244666961309038,1.0,0.0,1.0,0.0
SDSC-SP2-1998,exponential,6,offline_randomized,Offline Randomized,offline,5,24162.508,13.435535375950835,0.5249267411463053,0.006203699754587425,0.9483303112367047,0.0005273180021174547,1.0544852462794974,0.0005860894881761299
SDSC-SP2-1998,exponential,6,online_randomized,Online Randomized,online,5,500.456,1.6758355317870604,0.006023865751558049,0.00017384041069998593,0.019641901173515445,6.577320663240579e-05,50.91216414334312,0.1707913708281722
SDSC-SP2-1998,exponential,6,simple_online_greedy,Simple Online Greedy,online,5,6807.0,0.0,0.14730704656049617,0.0043179552615463185,0.26716119156952783,0.0,3.7430586161304538,0.0
SDSC-SP2-1998,exponential,7,offline_deterministic,Offline Deterministic,offline,5,24118.8,73.42914451360576,0.5452463824556546,0.018680330564765934,0.9466148592958907,0.0028819476633151313,1.0564060367604926,0.0032164579200719863
SDSC-SP2-1998,exponential,7,offline_greedy,Offline Greedy,offline,5,25479.0,0.0,0.5292962693213303,0.012782882129049046,1.0,0.0,1.0,0.0
SDSC-SP2-1998,exponential,7,offline_randomized,Offline Randomized,offline,5,24142.916,18.245781593607212,0.5133154699824538,0.008916858851797108,0.9475613642607638,0.0007161105849368893,1.055341250610253,0.0007982280127916524
SDSC-SP2-1998,exponential,7,online_randomized,Online Randomized,online,5,480.222,1.6746752014644497,0.005345242822842904,0.00016228005423115464,0.018847756976333452,6.57276659784312e-05,53.057383592126136,0.18515833595902909
SDSC-SP2-1998,exponential,7,simple_online_greedy,Simple Online Greedy,online,5,6807.0,0.0,0.14141986618757318,0.0054012988269573105,0.26716119156952783,0.0,3.7430586161304538,0.0
SDSC-SP2-1998,exponential,8,offline_deterministic,Offline Deterministic,offline,5,24203.0,91.64336266200624,0.5318608135983527,0.011691691212874047,0.9499195415832646,0.00359681944589685,1.0527365156267892,0.004002104003668743
SDSC-SP2-1998,exponential,8,offline_greedy,Offline Greedy,offline,5,25479.0,0.0,0.507791880658797,0.009699320394332744,1.0,0.0,1.0,0.0
SDSC-SP2-1998,exponential,8,offline_randomized,Offline Randomized,offline,5,24128.826,32.06099055377998,0.5104627938765862,0.0092513827199042,0.9470083598257388,0.0012583300189874195,1.0559588310182,0.0014048134937711585
SDSC-SP2-1998,exponential,8,online_randomized,Online Randomized,online,5,305.56,1.173449233669691,0.0028000845200001232,0.00014099164346782604,0.011992621374465245,4.6055545102621636e-05,83.38588366178712,0.31969488602267193
SDSC-SP2-1998,exponential,8,simple_online_greedy,Simple Online Greedy,online,5,6807.0,0.0,0.1290093775850354,0.008286181128609241,0.26716119156952783,0.0,3.7430586161304538,0.0
SDSC-SP2-1998,exponential,9,offline_deterministic,Offline Deterministic,offline,5,24267.4,61.52839292554291,0.4981136516747185,0.013872952375471549,0.9524471133089996,0.002414866867833994,1.0499340642263346,0.0026521383651143286
SDSC-SP2-1998,exponential,9,offline_greedy,Offline Greedy,offline,5,25479.0,0.0,0.48937510991777594,0.01416214575614304,1.0,0.0,1.0,0.0
SDSC-SP2-1998,exponential,9,offline_randomized,Offline Randomized,offline,5,24192.232,28.86322739248652,0.49652520124623534,0.014080205302426714,0.9494969190313591,0.0011328241843277284,1.0531908675220296,0.00125800972244597
SDSC-SP2-1998,exponential,9,online_randomized,Online Randomized,online,5,278.096,1.1220995720523101,0.002053358835635048,0.00013366445398127022,0.010914714078260529,4.404017316426535e-05,91.62099437796671,0.3697936737711057
SDSC-SP2-1998,exponential,9,simple_online_greedy,Simple Online Greedy,online,5,6807.0,0.0,0.12791101030619728,0.008022672481712909,0.26716119156952783,0.0,3.7430586161304538,0.0
SDSC-SP2-1998,exponential,10,offline_deterministic,Offline Deterministic,offline,5,24305.2,128.97991434328057,0.469151510240563,0.008709028424821675,0.9539306880175832,0.00506220473108366,1.0483247654190873,0.00553317342320904
SDSC-SP2-1998,exponential,10,offline_greedy,Offline Greedy,offline,5,25479.0,0.0,0.46485626401436614,0.019907708984553015,1.0,0.0,1.0,0.0
SDSC-SP2-1998,exponential,10,offline_randomized,Offline Randomized,offline,5,24256.908,20.58943514384038,0.4702598137081766,0.015831182824766175,0.9520353232073472,0.0008080943186090827,1.0503819832660148,0.0008924615685731571
SDSC-SP2-1998,exponential,10,online_randomized,Online Randomized,online,5,269.74399999999997,1.4737010475669723,0.0020660158738149076,0.00010143467935512092,0.010586914714078261,5.7839830745592875e-05,94.45916441120802,0.5166975044463585
SDSC-SP2-1998,exponential,10,simple_online_greedy,Simple Online Greedy,online,5,6807.0,0.0,0.11700148011025756,0.008028180351598435,0.26716119156952783,0.0,3.7430586161304538,0.0
SDSC-SP2-1998,uniform,2,offline_deterministic,Offline Deterministic,offline,5,24897.4,22.02363312444157,0.8484240579123767,0.0017093339282340328,0.9771733584520585,0.0008643837326598916,1.023360702209514,0.0009047375109003007
SDSC-SP2-1998,uniform,2,offline_greedy,Offline Greedy,offline,5,25479.0,0.0,0.8672005458006605,0.00018809965001630397,1.0,0.0,1.0,0.0
SDSC-SP2-1998,uniform,2,offline_randomized,Offline Randomized,offline,5,24882.74,11.55483586036672,0.8340739642984357,0.001316070522688753,0.9765979826523804,0.0004535042921765899,1.023963025081563,0.0004756535604648401
SDSC-SP2-1998,uniform,2,online_randomized,Online Randomized,online,5,1022.734,1.5505148595224332,0.028606738474208433,2.367975616573462e-05,0.04014027238117665,6.0854619864298776e-05,24.91269573377945,0.03775820054526163
SDSC-SP2-1998,uniform,2,simple_online_greedy,Simple Online Greedy,online,5,6807.0,0.0,0.22997235133296032,0.001084187861245802,0.26716119156952783,0.0,3.7430586161304538,0.0
SDSC-SP2-1998,uniform,3,offline_deterministic,Offline Deterministic,offline,5,24595.4,28.936398117250185,0.7724161173391194,0.0019382631065267592,0.9653204599866557,0.001135695989530604,1.0359269105562967,0.0012192661335360296
SDSC-SP2-1998,uniform,3,offline_greedy,Offline Greedy,offline,5,25479.0,0.0,0.80431068668051,0.0018397282047100067,1.0,0.0,1.0,0.0
SDSC-SP2-1998,uniform,3,offline_randomized,Offline Randomized,offline,5,24585.396,21.411181742481656,0.7585497079238098,0.0016504132153744295,0.9649278229129872,0.0008403462358209094,1.0363477621427908,0.0009027530974311089
SDSC-SP2-1998,uniform,3,online_randomized,Online Randomized,online,5,838.55,1.76965316375837,0.023020243668576516,8.63900810854442e-05,0.03291141724557479,6.945536181790446e-05,30.38473342185856,0.06415370380786907
SDSC-SP2-1998,uniform,3,simple_online_greedy,Simple Online Greedy,online,5,6807.0,0.0,0.21363642301654429,0.0008606340108704597,0.26716119156952783,0.0,3.7430586161304538,0.0
SDSC-SP2-1998,uniform,4,offline_deterministic,Offline Deterministic,offline,5,24427.4,25.21172616065786,0.7270824772921362,0.003997965626699076,0.9587267946151733,0.0009895100341715847,1.0430511739351858,0.0010759928442543565
SDSC-SP2-1998,uniform,4,offline_greedy,Offline Greedy,offline,5,25479.0,0.0,0.7592037914114402,0.002508024885865867,1.0,0.0,1.0,0.0
SDSC-SP2-1998,uniform,4,offline_randomized,Offline Randomized,offline,5,24393.69,37.72174469687239,0.722551893862384,0.0025478639231527947,0.9574037442599788,0.0014805033438075573,1.044494028767522,0.0016178543242070039
SDSC-SP2-1998,uniform,4,online_randomized,Online Randomized,online,5,560.1759999999999,1.7750351279904328,0.011992327714571989,3.233695305624572e-05,0.02198579222104478,6.96665931940203e-05,45.4843959048973,0.1444421221030927
SDSC-SP2-1998,uniform,4,simple_online_greedy,Simple Online Greedy,online,5,6807.0,0.0,0.2000176871470343,0.001750483147064676,0.26716119156952783,0.0,3.7430586161304538,0.0
SDSC-SP2-1998,uniform,5,offline_deterministic,Offline Deterministic,offline,5,24225.2,36.596931893261214,0.6913883929159663,0.0044020258265827575,0.9507908473644963,0.0014363566817089026,1.0517585226058543,0.0015893028994141195
SDSC-SP2-1998,uniform,5,offline_greedy,Offline Greedy,offline,5,25479.0,0.0,0.7327400211815744,0.002420708330389304,1.0,0.0,1.0,0.0
SDSC-SP2-1998,uniform,5,offline_randomized,Offline Randomized,offline,5,24250.536,12.751445179022571,0.6943297979694841,0.0016414786863402308,0.9517852348993289,0.0005004688244837653,1.0506574920190443,0.0005523654250393362
SDSC-SP2-1998,uniform,5,online_randomized,Online Randomized,online,5,508.722,1.500768813108806,0.01102445586905096,6.776185783835248e-05,0.019966325208995644,5.89021866285496e-05,50.08478315812359,0.14786305660994176
SDSC-SP2-1998,uniform,5,simple_online_greedy,Simple Online Greedy,online,5,6807.0,0.0,0.1903906197516117,0.002219386613530701,0.26716119156952783,0.0,3.7430586161304538,0.0
SDSC-SP2-1998,uniform,6,offline_deterministic,Offline Deterministic,offline,5,24209.0,43.56317711095003,0.6697160896360528,0.0014548446122881744,0.9501550296322462,0.0017097679308823006,1.0524633755909933,0.0018928767713160544
SDSC-SP2-1998,uniform,6,offline_greedy,Offline Greedy,offline,5,25479.0,0.0,0.7083043863874012,0.0021598897825026967,1.0,0.0,1.0,0.0
SDSC-SP2-1998,uniform,6,offline_randomized,Offline Randomized,offline,5,24160.166,19.25314055777931,0.6469927048908327,0.002738331643356058,0.9482383924015857,0.0007556474177863576,1.0545878219238742,0.0008399890025729262
SDSC-SP2-1998,uniform,6,online_randomized,Online Randomized,online,5,452.916,1.9814291351446354,0.006418779165850486,3.1948134237078755e-05,0.01777605086541858,7.776714687172313e-05,56.25658894796175,0.24683070397689896
SDSC-SP2-1998,uniform,6,simple_online_greedy,Simple Online Greedy,online,5,6807.0,0.0,0.18509814232051106,0.0013579335869570058,0.26716119156952783,0.0,3.7430586161304538,0.0
SDSC-SP2-1998,uniform,7,offline_deterministic,Offline Deterministic,offline,5,24124.6,62.83810130804398,0.6500034904157438,0.00527964816496794,0.9468424977432395,0.0024662703131223163,1.0561493190618139,0.0027489768479709888
SDSC-SP2-1998,uniform,7,offline_greedy,Offline Greedy,offline,5,25479.0,0.0,0.68897434956346,0.004553485683595195,1.0,0.0,1.0,0.0
SDSC-SP2-1998,uniform,7,offline_randomized,Offline Randomized,offline,5,24079.424,16.008583138604163,0.6329971978748221,0.0031363807870222822,0.9450694297264414,0.0006283050017113905,1.058123804237011,0.0007035189077531004
SDSC-SP2-1998,uniform,7,online_randomized,Online Randomized,online,5,415.772,0.5224199751157992,0.006363907104621182,4.105281854549588e-05,0.016318222850190352,2.050394344816617e-05,61.28128360316589,0.07692884617635942
SDSC-SP2-1998,uniform,7,simple_online_greedy,Simple Online Greedy,online,5,6807.0,0.0,0.17821728292540792,0.0017508364740559642,0.26716119156952783,0.0,3.7430586161304538,0.0
SDSC-SP2-1998,uniform,8,offline_deterministic,Offline Deterministic,offline,5,24133.2,72.85401995772092,0.6327342867081953,0.004982511288785541,0.9471800306134464,0.0028593751700506814,1.0557754845911878,0.003176005055471535
SDSC-SP2-1998,uniform,8,offline_greedy,Offline Greedy,offline,5,25479.0,0.0,0.6750276920609988,0.0016983779048934803,1.0,0.0,1.0,0.0
SDSC-SP2-1998,uniform,8,offline_randomized,Offline Randomized,offline,5,24030.652,31.268308474465826,0.6272227802601715,0.0032919134941606825,0.943155225872287,0.0012272188262673572,1.0602727256164461,0.001378922447101278
SDSC-SP2-1998,uniform,8,online_randomized,Online Randomized,online,5,299.912,1.5298725980943635,0.0029746120648938335,3.770546070805523e-05,0.011770948624357314,6.0044452219253936e-05,84.95722453376905,0.43387154530213573
SDSC-SP2-1998,uniform,8,simple_online_greedy,Simple Online Greedy,online,5,6807.0,0.0,0.1753727726776945,0.0023610104714435884,0.26716119156952783,0.0,3.7430586161304538,0.0
SDSC-SP2-1998,uniform,9,offline_deterministic,Offline Deterministic,offline,5,24064.0,132.58787938571157,0.6158661129125892,0.009814487038061048,0.9444640684485263,0.005203810172522924,1.058835043094395,0.00584173172187509
SDSC-SP2-1998,uniform,9,offline_greedy,Offline Greedy,offline,5,25479.0,0.0,0.658645865370939,0.0025264001026864386,1.0,0.0,1.0,0.0
SDSC-SP2-1998,uniform,9,offline_randomized,Offline Randomized,offline,5,23973.952,34.41219807949434,0.6115330301886249,0.0022857568740195355,0.9409298638094117,0.0013506102311509442,1.062780750468544,0.0015265582433451445
SDSC-SP2-1998,uniform,9,online_randomized,Online Randomized,online,5,276.076,1.2476073587471372,0.0021767771844843037,8.42858683276157e-05,0.010835433101770086,4.896610380105733e-05,92.29177549399715,0.4189329309029109
SDSC-SP2-1998,uniform,9,simple_online_greedy,Simple Online Greedy,online,5,6807.0,0.0,0.17093151897675324,0.0012843317815590266,0.26716119156952783,0.0,3.7430586161304538,0.0
SDSC-SP2-1998,uniform,10,offline_deterministic,Offline Deterministic,offline,5,23922.4,79.48663948111027,0.6088652770549825,0.0030115095008390186,0.9389065504925624,0.003119692275250625,1.0650810228712353,0.0035554294322278157
SDSC-SP2-1998,uniform,10,offline_greedy,Offline Greedy,offline,5,25479.0,0.0,0.6503969808551829,0.002383955203818457,1.0,0.0,1.0,0.0
SDSC-SP2-1998,uniform,10,offline_randomized,Offline Randomized,offline,5,23929.248,14.711003764203008,0.6036959007949729,0.0023891844308088013,0.9391753208524667,0.0005773775958319886,1.0647643432609493,0.0006548977999330746
SDSC-SP2-1998,uniform,10,online_randomized,Online Randomized,online,5,269.38,1.087420294090555,0.002214138541396248,3.270114968316284e-05,0.010572628439106715,4.267908057971503e-05,94.58546274807621,0.3815004894481247
SDSC-SP2-1998,uniform,10,simple_online_greedy,Simple Online Greedy,online,5,6807.0,0.0,0.16576271538421275,0.0034286749191835848,0.26716119156952783,0.0,3.7430586161304538,0.0
